Date,Filename,Title,Speaker,Source Type,Total Segments,Hawkish %,Dovish %,Neutral %,Polarity Score,Tariff Mentions,Tariff % of Doc,Tariff Polarity Score
2018-12-07,20181207_Assessing_Financial_Stability_.txt,Assessing Financial Stability over the Cycle,Governor Lael Brainard,speech,151,35.76158940397351,64.23841059602648,16.68982,-0.29853785,1,0.6622516556291391,0.9902442097663879
2018-12-06,20181206_Welcoming_Remarks.txt,Welcoming Remarks,Chairman Jerome H. Powell,speech,46,6.521739130434782,93.47826086956522,13.2468195,-0.79383594,0,0.0,0.0
2018-12-05,20181205_Banks_as_Vital_Infrastructure_.txt,Banks as Vital Infrastructure for Rural Communities of the West,Vice Chairman for Supervision Randal K. Quarles,speech,117,0.8547008547008548,99.14529914529915,1.954362,-0.9603217,0,0.0,0.0
2018-12-03,20181203_Celebrating_Excellence_in_Comm.txt,Celebrating Excellence in Community Development,Chairman Jerome H. Powell,speech,33,3.0303030303030303,96.96969696969697,4.561711,-0.94749254,0,0.0,0.0
2018-12-03,20181203_Celebrating_Excellence_in_Comm.txt,Celebrating Excellence in Community Development,Governor Lael Brainard,speech,33,3.0303030303030303,96.96969696969697,4.561711,-0.94749254,0,0.0,0.0
2018-12-03,20181203_The_Structure_of_the_Treasury_.txt,The Structure of the Treasury Market:  What Are We Learning?,Governor Lael Brainard,speech,114,1.7543859649122806,98.24561403508771,1.9867076,-0.94786114,0,0.0,0.0
2018-11-28,20181128_The_Federal_Reserve_s_Framewor.txt,The Federal Reserve's Framework for Monitoring Financial Stability,Chairman Jerome H. Powell,speech,63,23.809523809523807,76.19047619047619,11.188324,-0.54270995,0,0.0,0.0
2018-11-27,20181127_Data_Dependence_and_U_S__Monet.txt,Data Dependence and U.S. Monetary Policy,Vice Chairman Richard H. Clarida,speech,65,27.692307692307693,72.3076923076923,7.138002,-0.4191009,0,0.0,0.0
2018-11-16,20181116_Beginning_Stress_Testingâ__s_N.txt,Beginning Stress Testingâs New Chapter,Vice Chairman for Supervision Randal K. Quarles,speech,54,0.0,100.0,0.018672386,-0.99883056,0,0.0,0.0
2018-11-13,20181113_What_Are_We_Learning_about_Art.txt,What Are We Learning about Artificial Intelligence in Financial Services?,Governor Lael Brainard,speech,116,0.0,100.0,0.63633126,-0.9860124,0,0.0,0.0
2018-11-09,20181109_A_New_Chapter_in_Stress_Testin.txt,A New Chapter in Stress Testing,Vice Chairman for Supervision Randal K. Quarles,speech,114,2.631578947368421,97.36842105263158,0.23052429,-0.9377247,0,0.0,0.0
2018-10-25,20181025_Outlook_for_the_U_S__Economy_a.txt,Outlook for the U.S. Economy and Monetary Policy,Vice Chairman Richard H. Clarida,speech,78,37.17948717948718,62.82051282051282,15.968871,-0.2067273,0,0.0,0.0
2018-10-18,20181018_Donâ__t_Chase_the_Needles__An_.txt,Donât Chase the Needles: An Optimistic Assessment of the Economic Outlook and Monetary Policy,Vice Chairman for Supervision Randal K. Quarles,speech,105,24.761904761904763,75.23809523809524,9.885664,-0.4441377,0,0.0,0.0
2018-10-17,20181017_FinTech_and_the_Search_for_Ful.txt,FinTech and the Search for Full Stack Financial Inclusion,Governor Lael Brainard,speech,64,1.5625,98.4375,0.21944684,-0.95287675,0,0.0,0.0
2018-10-15,20181015_Community_Investment_in_Denver.txt,Community Investment in Denver,Governor Lael Brainard,speech,43,0.0,100.0,1.0770601,-0.9591143,0,0.0,0.0
2018-10-04,20181004_Trends_in_Urban_and_Rural_Comm.txt,Trends in Urban and Rural Community Banks,Vice Chairman for Supervision Randal K. Quarles,speech,116,1.7241379310344827,98.27586206896551,2.3457236,-0.94864964,0,0.0,0.0
2018-10-03,20181003_Supporting_Fast_Payments_for_A.txt,Supporting Fast Payments for All,Governor Lael Brainard,speech,92,2.1739130434782608,97.82608695652173,2.6188874,-0.91775167,0,0.0,0.0
2018-10-02,20181002_Monetary_Policy_and_Risk_Manag.txt,Monetary Policy and Risk Management at a Time of Low Inflation and Low Unemployment,Chairman Jerome H. Powell,speech,151,30.4635761589404,69.5364238410596,9.430398,-0.41570655,1,0.6622516556291391,-0.9992276430130005
2018-09-27,20180927_Brief_Remarks_on_the_U_S__Econ.txt,Brief Remarks on the U.S. Economy,Chairman Jerome H. Powell,speech,29,27.586206896551722,72.41379310344827,9.763566,-0.45677352,0,0.0,0.0
2018-09-12,20180912_What_Do_We_Mean_by_Neutral_and.txt,What Do We Mean by Neutral and What Role Does It Play in Monetary Policy?,Governor Lael Brainard,speech,104,47.11538461538461,52.88461538461539,18.903824,-0.12217738,0,0.0,0.0
2018-08-24,20180824_Monetary_Policy_in_a_Changing_.txt,Monetary Policy in a Changing Economy,Chairman Jerome H. Powell,speech,22,36.36363636363637,63.63636363636363,17.555761,-0.16216494,0,0.0,0.0
2018-07-19,20180719_Introductory_Remarks.txt,Introductory Remarks,Vice Chairman for Supervision Randal K. Quarles,speech,63,0.0,100.0,1.6911423,-0.9801178,0,0.0,0.0
2018-07-18,20180718_Getting_It_Right__Factors_for_.txt,Getting It Right: Factors for Tailoring Supervision and Regulation of Large Financial Institutions,Vice Chairman for Supervision Randal K. Quarles,speech,96,0.0,100.0,0.93153596,-0.9856396,0,0.0,0.0
2018-06-27,20180627_America_s_Vital_Interest_in_Gl.txt,America's Vital Interest in Global Efforts to Promote Financial Stability,Vice Chairman for Supervision Randal K. Quarles,speech,104,1.9230769230769231,98.07692307692307,2.7383647,-0.93426853,0,0.0,0.0
2018-06-20,20180620_Monetary_Policy_at_a_Time_of_U.txt,Monetary Policy at a Time of Uncertainty and Tight Labor Markets,Chairman Jerome H. Powell,speech,67,43.28358208955223,56.71641791044776,19.998398,-0.13503198,0,0.0,0.0
2018-05-31,20180531_Sustaining_Full_Employment_and.txt,Sustaining Full Employment and Inflation around Target,Governor Lael Brainard,speech,105,48.57142857142857,51.42857142857142,30.347792,-0.050789353,0,0.0,0.0
2018-05-25,20180525_Financial_Stability_and_Centra.txt,Financial Stability and Central Bank Transparency,Chairman Jerome H. Powell,speech,97,4.123711340206185,95.87628865979381,2.2936554,-0.9100945,0,0.0,0.0
2018-05-18,20180518_Keeping_Community_at_the_Heart.txt,Keeping Community at the Heart of the Community Reinvestment Act,Governor Lael Brainard,speech,108,0.0,100.0,1.3427067,-0.98538053,0,0.0,0.0
2018-05-16,20180516_Trust_Everyone--But_Brand_Your.txt,Trust Everyone--But Brand Your Cattle: Finding the Right Balance in Cross-Border Resolution,Vice Chairman for Supervision Randal K. Quarles,speech,84,2.380952380952381,97.61904761904762,1.8679549,-0.9502045,0,0.0,0.0
2018-05-15,20180515_Cryptocurrencies__Digital_Curr.txt,"Cryptocurrencies, Digital Currencies, and Distributed Ledger Technologies: What Are We Learning?",Governor Lael Brainard,speech,122,0.819672131147541,99.18032786885246,1.721487,-0.9749773,0,0.0,0.0
2018-05-08,20180508_Monetary_Policy_Influences_on_.txt,Monetary Policy Influences on Global Financial Conditions and International Capital Flows,Chairman Jerome H. Powell,speech,71,15.492957746478872,84.50704225352112,10.116246,-0.77634645,0,0.0,0.0
2018-05-04,20180504_Liquidity_Regulation_and_the_S.txt,Liquidity Regulation and the Size of the Fed's Balance Sheet,Vice Chairman for Supervision Randal K. Quarles,speech,131,16.030534351145036,83.96946564885496,7.3469563,-0.6907597,0,0.0,0.0
2018-04-19,20180419_Safeguarding_Financial_Resilie.txt,Safeguarding Financial Resilience through the Cycle,Governor Lael Brainard,speech,91,26.373626373626376,73.62637362637363,7.47516,-0.4680115,0,0.0,0.0
2018-04-17,20180417_Community_Development_in_Balti.txt,Community Development in Baltimore and A Few Observations on Community Reinvestment Act Modernization,Governor Lael Brainard,speech,59,0.0,100.0,0.0150475595,-0.9990263,0,0.0,0.0
2018-04-06,20180406_The_Outlook_for_the_U_S__Econo.txt,The Outlook for the U.S. Economy,Chairman Jerome H. Powell,speech,153,32.02614379084967,67.97385620915033,21.83963,-0.30720615,0,0.0,0.0
2018-04-03,20180403_An_Update_on_the_Federal_Reser.txt,An Update on the Federal Reserve's Financial Stability Agenda,Governor Lael Brainard,speech,122,25.40983606557377,74.59016393442623,13.88101,-0.41548038,0,0.0,0.0
2018-03-26,20180326_The_Roles_of_Consumer_Protecti.txt,The Roles of Consumer Protection and Small Business Access to Credit in Financial Inclusion,Vice Chairman for Supervision Randal K. Quarles,speech,120,2.5,97.5,2.708233,-0.94225794,0,0.0,0.0
2018-03-06,20180306_Navigating_Monetary_Policy_as_.txt,Navigating Monetary Policy as Headwinds Shift to Tailwinds,Governor Lael Brainard,speech,59,45.76271186440678,54.23728813559322,35.252712,0.011649571,0,0.0,0.0
2018-03-05,20180305_The_Federal_Reserveâ__s_Regula.txt,The Federal Reserveâs Regulatory Agenda for Foreign Banking Organizations: What Lies Ahead for Enhanced Prudential Standards and the Volcker Rule,Vice Chairman for Supervision Randal K. Quarles,speech,105,0.0,100.0,0.030839087,-0.99678344,0,0.0,0.0
2018-02-26,20180226_Brief_Thoughts_on_the_Financia.txt,Brief Thoughts on the Financial Regulatory System and Cybersecurity,Vice Chairman for Supervision Randal K. Quarles,speech,36,2.7777777777777777,97.22222222222221,0.0894846,-0.9471324,0,0.0,0.0
2018-02-26,20180226_An_Assessment_of_the_U_S__Econ.txt,An Assessment of the U.S. Economy,Vice Chairman for Supervision Randal K. Quarles,speech,24,37.5,62.5,25.667608,-0.044934064,0,0.0,0.0
2018-02-22,20180222_The_U_S__Economy_after_the_Glo.txt,The U.S. Economy after the Global Financial Crisis,Vice Chairman for Supervision Randal K. Quarles,speech,42,33.33333333333333,66.66666666666666,21.950794,-0.34167507,0,0.0,0.0
2018-02-13,20180213_Remarks_at_the_Ceremonial_Swea.txt,Remarks at the Ceremonial Swearing-in,Chairman Jerome H. Powell,speech,36,8.333333333333332,91.66666666666666,5.726849,-0.81447864,0,0.0,0.0
2018-01-19,20180119_Early_Observations_on_Improvin.txt,Early Observations on Improving the Effectiveness of Post-Crisis Regulation,Vice Chairman for Supervision Randal K. Quarles,speech,97,0.0,100.0,0.7835227,-0.9747832,0,0.0,0.0
2019-12-18,20191218_Update_on_Digital_Currencies__.txt,"Update on Digital Currencies, Stablecoins, and the Challenges Ahead",Governor Lael Brainard,speech,95,1.0526315789473684,98.94736842105263,2.1852214,-0.97518134,0,0.0,0.0
2019-11-26,20191126_Federal_Reserve_Review_of_Mone.txt,"Federal Reserve Review of Monetary Policy Strategy, Tools, and Communications: Some Preliminary Views",Governor Lael Brainard,speech,113,38.05309734513274,61.94690265486725,29.483047,-0.27433655,1,0.8849557522123894,-0.9975150227546692
2019-11-25,20191125_Building_on_the_Gains_from_the.txt,Building on the Gains from the Long Expansion,Chair Jerome H. Powell,speech,102,25.49019607843137,74.50980392156863,26.592796,-0.39695317,0,0.0,0.0
2019-11-14,20191114_The_Federal_Reserveâ__s_Review.txt,"The Federal Reserveâs Review of Its Monetary Policy Strategy, Tools, and Communication Practices",Vice Chair Richard H. Clarida,speech,105,17.142857142857142,82.85714285714286,12.775559,-0.72009814,0,0.0,0.0
2019-11-14,20191114_Brief_Remarks__via_pre-recorde.txt,Brief Remarks (via pre-recorded video),Vice Chair for Supervision Randal K. Quarles,speech,46,2.1739130434782608,97.82608695652173,0.105365165,-0.95580995,0,0.0,0.0
2019-11-14,20191114_Video.txt,Video,Vice Chair for Supervision Randal K. Quarles,speech,46,2.1739130434782608,97.82608695652173,0.105365165,-0.95580995,0,0.0,0.0
2019-11-12,20191112_Monetary_Policy__Price_Stabili.txt,"Monetary Policy, Price Stability, and Equilibrium Bond Yields: Success and Consequences",Vice Chair Richard H. Clarida,speech,1,0.0,100.0,0.01206224,-0.9994756,0,0.0,0.0
2019-11-08,20191108_Why_Climate_Change_Matters_for.txt,Why Climate Change Matters for Monetary Policy and Financial Stability,Governor Lael Brainard,speech,66,9.090909090909092,90.9090909090909,4.2647467,-0.8255743,0,0.0,0.0
2019-11-01,20191101_Friedrich_Hayek_and_the_Price_.txt,Friedrich Hayek and the Price System,Vice Chair for Supervision Randal K. Quarles,speech,100,8.0,92.0,1.1559314,-0.8389573,0,0.0,0.0
2019-11-01,20191101_The_United_States__Japan__and_.txt,"The United States, Japan, and the Global Economy",Vice Chair Richard H. Clarida,speech,83,26.506024096385545,73.49397590361446,33.836533,-0.492171,1,1.2048192771084338,-0.0072525315918028355
2019-10-21,20191021_Closing_Remarks.txt,Closing Remarks,Governor Michelle W. Bowman,speech,33,0.0,100.0,0.104660004,-0.9983774,0,0.0,0.0
2019-10-21,20191021_Video.txt,Video,Governor Michelle W. Bowman,speech,33,0.0,100.0,0.104660004,-0.9983774,0,0.0,0.0
2019-10-18,20191018_U_S__Economic_Outlook_and_Mone.txt,U.S. Economic Outlook and Monetary Policy,Vice Chair Richard H. Clarida,speech,36,36.11111111111111,63.888888888888886,21.951488,-0.35242411,0,0.0,0.0
2019-10-17,20191017_Opening_Remarks.txt,Opening Remarks,Governor Michelle W. Bowman,speech,41,0.0,100.0,2.7616148,-0.9679635,0,0.0,0.0
2019-10-16,20191016_Digital_Currencies__Stablecoin.txt,"Digital Currencies, Stablecoins, and the Evolving Payments Landscape",Governor Lael Brainard,speech,137,1.4598540145985401,98.54014598540147,2.838589,-0.96913105,0,0.0,0.0
2019-10-09,20191009_Opening_Remarks.txt,Opening Remarks,Chair Jerome H. Powell,speech,35,17.142857142857142,82.85714285714286,14.392773,-0.72266126,0,0.0,0.0
2019-10-08,20191008_Data-Dependent_Monetary_Policy.txt,Data-Dependent Monetary Policy in an Evolving Economy,Chair Jerome H. Powell,speech,148,22.2972972972973,77.7027027027027,9.746863,-0.5374001,0,0.0,0.0
2019-10-07,20191007_Brief_Remarks.txt,Brief Remarks,Chair Jerome H. Powell,speech,36,11.11111111111111,88.88888888888889,6.161638,-0.7968536,0,0.0,0.0
2019-10-04,20191004_Opening_Remarks.txt,Opening Remarks,Chair Jerome H. Powell,speech,1,0.0,100.0,0.01763395,-0.99937063,0,0.0,0.0
2019-10-03,20191003_The_Financial_Stability_Board_.txt,The Financial Stability Board at 10 YearsâLooking Back and Looking Ahead,Vice Chair for Supervision and Chair of the Financial Stability Board Randal K. Quarles,speech,121,0.8264462809917356,99.17355371900827,0.7514068,-0.9512651,0,0.0,0.0
2019-10-01,20191001_Advancing_Our_Understanding_of.txt,Advancing Our Understanding of Community Banking,Governor Michelle W. Bowman,speech,30,0.0,100.0,0.024589015,-0.9989567,0,0.0,0.0
2019-10-01,20191001_Introductory_Remarks.txt,Introductory Remarks,Vice Chair Richard H. Clarida,speech,18,0.0,100.0,0.007833847,-0.99954575,0,0.0,0.0
2019-09-27,20190927_Law_and_Macroeconomics__The_Gl.txt,Law and Macroeconomics: The Global Evolution of Macroprudential Regulation,Vice Chair for Supervision Randal K. Quarles,speech,114,4.385964912280701,95.6140350877193,5.056549,-0.8768758,0,0.0,0.0
2019-09-26,20190926_Government_of_Union__Achieving.txt,Government of Union: Achieving Certainty in Cross-Border Finance,Vice Chair for Supervision and Chair of the Financial Stability Board Randal K. Quarles,speech,76,1.3157894736842104,98.68421052631578,1.2431322,-0.95554656,0,0.0,0.0
2019-09-26,20190926_The_Federal_Reserveâ__s_Review.txt,"The Federal Reserveâs Review of Its Monetary Policy Strategy, Tools, and Communication Practices",Vice Chair Richard H. Clarida,speech,117,13.675213675213676,86.32478632478633,13.290273,-0.7397646,0,0.0,0.0
2019-09-05,20190905_Refining_the_Stress_Capital_Bu.txt,Refining the Stress Capital Buffer,Vice Chair for Supervision Randal K. Quarles,speech,114,14.912280701754385,85.08771929824562,4.773929,-0.73223424,0,0.0,0.0
2019-09-04,20190904_Introductory_Remarks.txt,Introductory Remarks,Governor Michelle W. Bowman,speech,38,0.0,100.0,4.419082,-0.9520065,0,0.0,0.0
2019-08-23,20190823_Challenges_for_Monetary_Policy.txt,Challenges for Monetary Policy,Chair Jerome H. Powell,speech,182,22.52747252747253,77.47252747252747,14.740997,-0.56177807,1,0.5494505494505495,-0.9806187152862549
2019-08-20,20190820_A_Decade_of_Building_Stronger_.txt,A Decade of Building Stronger Communities,Vice Chair for Supervision Randal K. Quarles,speech,36,0.0,100.0,0.02597546,-0.9893695,0,0.0,0.0
2019-08-05,20190805_Delivering_Fast_Payments_for_A.txt,Delivering Fast Payments for All,Governor Lael Brainard,speech,97,1.0309278350515463,98.96907216494846,0.052016716,-0.98242426,0,0.0,0.0
2019-07-16,20190716_Monetary_Policy_in_the_Post-Cr.txt,Monetary Policy in the Post-Crisis Era,Chair Jerome H. Powell,speech,91,29.67032967032967,70.32967032967034,23.500477,-0.54554075,1,1.098901098901099,2.582540037110448e-05
2019-07-11,20190711_Perspectives_on_the_Economy_fr.txt,Perspectives on the Economy from Scranton,Governor Lael Brainard,speech,42,30.952380952380953,69.04761904761905,14.447056,-0.36223063,0,0.0,0.0
2019-07-09,20190709_Stress_Testing__A_Decade_of_Co.txt,Stress Testing: A Decade of Continuity and Change,Vice Chair for Supervision Randal K. Quarles,speech,50,6.0,94.0,4.5957527,-0.8924147,0,0.0,0.0
2019-07-09,20190709_Welcoming_Remarks__via_prereco.txt,Welcoming Remarks (via prerecorded video),Chair Jerome H. Powell,speech,28,3.571428571428571,96.42857142857143,0.44090027,-0.9279351,0,0.0,0.0
2019-07-09,20190709_Video.txt,Video,Chair Jerome H. Powell,speech,28,3.571428571428571,96.42857142857143,0.44090027,-0.9279351,0,0.0,0.0
2019-07-01,20190701_The_Federal_Reserve_s_Review_o.txt,"The Federal Reserve's Review of Its Monetary Policy Strategy, Tools, and Communication Practices",Vice Chair Richard H. Clarida,speech,137,13.86861313868613,86.13138686131386,14.155703,-0.7511964,0,0.0,0.0
2019-06-25,20190625_Economic_Outlook_and_Monetary_.txt,Economic Outlook and Monetary Policy Review,Chair Jerome H. Powell,speech,67,16.417910447761194,83.5820895522388,14.517115,-0.6969815,0,0.0,0.0
2019-06-25,20190625_Minority_Depository_Institutio.txt,Minority Depository Institutions,Governor Michelle W. Bowman,speech,46,0.0,100.0,0.049702223,-0.9989673,0,0.0,0.0
2019-06-21,20190621_Fed_Listens_in_Cincinnati__How.txt,Fed Listens in Cincinnati: How Does Monetary Policy Affect Your Community?,Governor Lael Brainard,speech,71,28.169014084507044,71.83098591549296,23.588226,-0.44596064,0,0.0,0.0
2019-06-05,20190605_The_Federal_Reserve_s_Review_o.txt,"The Federal Reserve's Review of Its Monetary Policy Strategy, Tools, and Communication Practices",Vice Chair Richard H. Clarida,speech,31,6.451612903225806,93.54838709677419,0.2614134,-0.8879491,0,0.0,0.0
2019-06-04,20190604_Opening_Remarks.txt,Opening Remarks,Chair Jerome H. Powell,speech,97,13.402061855670103,86.5979381443299,11.690051,-0.7507647,1,1.0309278350515463,-0.9988160729408264
2019-06-03,20190603_The_Next_Stage_in_the_LIBOR_Tr.txt,The Next Stage in the LIBOR Transition (via prerecorded video),Vice Chair for Supervision Randal K. Quarles,speech,3,0.0,100.0,0.2266294,-0.9946096,0,0.0,0.0
2019-05-30,20190530_Monetary_Policy_and_Financial_.txt,Monetary Policy and Financial Stability,Vice Chair for Supervision Randal K. Quarles,speech,97,24.742268041237114,75.25773195876289,13.9176235,-0.63580304,0,0.0,0.0
2019-05-30,20190530_Sustaining_Maximum_Employment_.txt,Sustaining Maximum Employment and Price Stability,Vice Chair Richard H. Clarida,speech,113,29.20353982300885,70.79646017699115,18.976513,-0.42908016,0,0.0,0.0
2019-05-20,20190520_Business_Debt_and_Our_Dynamic_.txt,Business Debt and Our Dynamic Financial System,Chair Jerome H. Powell,speech,151,24.503311258278146,75.49668874172185,11.66761,-0.4821399,0,0.0,0.0
2019-05-20,20190520_The_Federal_Reserve_s_Review_o.txt,"The Federal Reserve's Review of Its Monetary Policy Strategy, Tools, and Communication Practices",Vice Chair Richard H. Clarida,speech,53,22.641509433962266,77.35849056603774,22.948038,-0.5634111,0,0.0,0.0
2019-05-17,20190517_The_Federal_Reserveâ__s_Review.txt,"The Federal Reserveâs Review of Its Monetary Policy Strategy, Tools, and Communication Practices",Vice Chair Richard H. Clarida,speech,22,4.545454545454546,95.45454545454545,0.03422077,-0.90737766,0,0.0,0.0
2019-05-16,20190516_The_Disconnect_between_Inflati.txt,The Disconnect between Inflation and Employment in the New Normal,Governor Lael Brainard,speech,107,42.05607476635514,57.943925233644855,28.187088,-0.16713452,0,0.0,0.0
2019-05-13,20190513_The_Federal_Reserveâ__s_Review.txt,"The Federal Reserveâs Review of Its Monetary Policy Strategy, Tools, and Communication Practices",Vice Chair Richard H. Clarida,speech,56,16.071428571428573,83.92857142857143,9.893439,-0.77839565,0,0.0,0.0
2019-05-10,20190510_Is_the_Middle_Class_within_Rea.txt,Is the Middle Class within Reach for Middle-Income Families?,Governor Lael Brainard,speech,184,15.760869565217392,84.23913043478261,10.6744375,-0.62915605,0,0.0,0.0
2019-05-09,20190509_Welcoming_Remarks.txt,Welcoming Remarks,Chair Jerome H. Powell,speech,32,9.375,90.625,11.877978,-0.80563164,0,0.0,0.0
2019-05-08,20190508__Fed_Listens__in_Richmond__How.txt,"""Fed Listens"" in Richmond: How Does Monetary Policy Affect Your Community?",Governor Lael Brainard,speech,66,25.757575757575758,74.24242424242425,17.248749,-0.5197283,0,0.0,0.0
2019-05-03,20190503_Models__Markets__and_Monetary_.txt,"Models, Markets, and Monetary Policy",Vice Chair Richard H. Clarida,speech,98,5.1020408163265305,94.89795918367348,2.5680494,-0.8959966,0,0.0,0.0
2019-04-11,20190411_Community_Banking_in_the_Age_o.txt,Community Banking in the Age of Innovation,Governor Michelle W. Bowman,speech,97,0.0,100.0,0.07356665,-0.99748665,0,0.0,0.0
2019-04-11,20190411_U_S__Economic_Outlook_and_Mone.txt,U.S. Economic Outlook and Monetary Policy,Vice Chair Richard H. Clarida,speech,28,21.428571428571427,78.57142857142857,14.365968,-0.46527985,0,0.0,0.0
2019-04-10,20190410_Progress_on_the_Transition_to_.txt,Progress on the Transition to Risk-Free Rates,Vice Chair for Supervision and Chair of the Financial Stability Board Randal K. Quarles,speech,4,0.0,100.0,0.011237772,-0.99933666,0,0.0,0.0
2019-04-09,20190409_The_Federal_Reserve_s_Review_o.txt,"The Federal Reserve's Review of Its Monetary Policy Strategy, Tools, and Communication Practices",Vice Chair Richard H. Clarida,speech,126,17.46031746031746,82.53968253968253,15.908082,-0.6984061,0,0.0,0.0
2019-04-02,20190402_Fostering_Closer_Supervisory_C.txt,Fostering Closer Supervisory Communication,Governor Michelle W. Bowman,speech,95,2.1052631578947367,97.89473684210527,0.303741,-0.94498426,0,0.0,0.0
2019-04-02,20190402_The_Financial_Stability_Board_.txt,The Financial Stability Board: Beyond the Fog of Battle,Vice Chair for Supervision and Chair of the Financial Stability Board Randal K. Quarles,speech,90,1.1111111111111112,98.88888888888889,1.64681,-0.9357651,0,0.0,0.0
2019-03-29,20190329_Frameworks_for_the_Countercycl.txt,Frameworks for the Countercyclical Capital Buffer,Vice Chair for Supervision Randal K. Quarles,speech,110,26.36363636363636,73.63636363636363,10.971208,-0.51767546,0,0.0,0.0
2019-03-28,20190328_Agriculture_and_Community_Bank.txt,Agriculture and Community Banking,Governor Michelle W. Bowman,speech,102,15.686274509803921,84.31372549019608,11.525333,-0.69827265,1,0.9803921568627451,0.35784536600112915
2019-03-28,20190328_Global_Shocks_and_the_U_S__Eco.txt,Global Shocks and the U.S. Economy,Vice Chair Richard H. Clarida,speech,48,22.916666666666664,77.08333333333334,39.425674,-0.51809967,1,2.083333333333333,-0.0010125527624040842
2019-03-28,20190328_The_Financial_Stability_Board_.txt,The Financial Stability Board in 2019,Vice Chair for Supervision and Chair of the Financial Stability Board Randal K. Quarles,speech,148,1.3513513513513513,98.64864864864865,1.1656505,-0.9577206,0,0.0,0.0
2019-03-25,20190325_Welcoming_Remarks.txt,Welcoming Remarks,Governor Michelle W. Bowman,speech,1,0.0,100.0,0.0108336555,-0.9995632,0,0.0,0.0
2019-03-12,20190312_The_Community_Reinvestment_Act.txt,The Community Reinvestment Act: How Can We Preserve What Works and Make it Better?,Governor Lael Brainard,speech,118,0.0,100.0,0.022172963,-0.99817485,0,0.0,0.0
2019-03-11,20190311_Brief_Remarks.txt,Brief Remarks,Chair Jerome H. Powell,speech,22,4.545454545454546,95.45454545454545,11.843416,-0.8776233,0,0.0,0.0
2019-03-08,20190308_Monetary_Policy__Normalization.txt,Monetary Policy: Normalization and the Road Ahead,Chair Jerome H. Powell,speech,113,13.274336283185843,86.72566371681415,8.140235,-0.70377046,0,0.0,0.0
2019-03-07,20190307_Navigating_Cautiously.txt,Navigating Cautiously,Governor Lael Brainard,speech,145,36.55172413793103,63.44827586206897,37.232014,-0.30413875,4,2.7586206896551726,-0.29956138134002686
2019-02-28,20190228_Recent_Economic_Developments_a.txt,Recent Economic Developments and Longer-Term Challenges,Chair Jerome H. Powell,speech,109,22.018348623853214,77.98165137614679,27.698242,-0.43062377,1,0.9174311926605505,-0.9004573225975037
2019-02-28,20190228_U_S__Economic_Outlook_and_Mone.txt,U.S. Economic Outlook and Monetary Policy,Vice Chair Richard H. Clarida,speech,33,27.27272727272727,72.72727272727273,16.94265,-0.3904547,0,0.0,0.0
2019-02-23,20190223_Is_Economics_for_Me__Increasin.txt,Is Economics for Me? Increasing the Participation of Black Women in Economics,Governor Lael Brainard,speech,55,0.0,100.0,0.019977365,-0.99925184,0,0.0,0.0
2019-02-22,20190222_The_Future_of_the_Federal_Rese.txt,The Future of the Federal Reserve's Balance Sheet,Vice Chairman for Supervision Randal K. Quarles,speech,55,21.818181818181817,78.18181818181819,11.478503,-0.53616256,0,0.0,0.0
2019-02-22,20190222_The_Federal_Reserve_s_Review_o.txt,"The Federal Reserve's Review of Its Monetary Policy Strategy, Tools, and Communication Practices",Vice Chair Richard H. Clarida,speech,116,16.379310344827587,83.62068965517241,12.404525,-0.7702757,0,0.0,0.0
2019-02-12,20190212_Encouraging_Economic_Developme.txt,Encouraging Economic Development in High-Poverty Rural Communities,Chairman Jerome H. Powell,speech,100,2.0,98.0,2.3965333,-0.93925977,0,0.0,0.0
2019-02-11,20190211_A_Conversation_on_Community_Ba.txt,A Conversation on Community Banking,Governor Michelle W. Bowman,speech,72,0.0,100.0,0.24056463,-0.9865655,0,0.0,0.0
2019-02-10,20190210_Ideas_of_Order__Charting_a_Cou.txt,Ideas of Order: Charting a Course for the Financial Stability Board,Vice Chairman for Supervision and Chair of the Financial Stability Board Randal K. Quarles,speech,102,5.88235294117647,94.11764705882352,1.3376336,-0.9033729,0,0.0,0.0
2019-02-06,20190206_Welcoming_Remarks.txt,Welcoming Remarks,Chairman Jerome H. Powell,speech,45,4.444444444444445,95.55555555555556,0.024080012,-0.91177905,0,0.0,0.0
2019-02-06,20190206_Inviting_Participation__The_Pu.txt,Inviting Participation: The Public's Role in Stress Testing's Next Chapter,Vice Chairman for Supervision Randal K. Quarles,speech,56,0.0,100.0,0.2342792,-0.98788136,0,0.0,0.0
2019-02-01,20190201_Strengthening_the_Community_Re.txt,Strengthening the Community Reinvestment Act: What Are We Learning?,Governor Lael Brainard,speech,50,0.0,100.0,0.23709027,-0.99522704,0,0.0,0.0
2019-01-10,20190110_Monetary_Policy_Outlook_for_20.txt,Monetary Policy Outlook for 2019,Vice Chairman Richard H. Clarida,speech,84,27.380952380952383,72.61904761904762,14.899376,-0.35871178,0,0.0,0.0
2019-01-09,20190109_Insurance_Supervision_and_Inte.txt,Insurance Supervision and International Engagement,Vice Chairman for Supervision Randal K. Quarles,speech,101,0.0,100.0,1.0758262,-0.97831786,0,0.0,0.0
2024-12-03,20241203_A_Year_in_Review__A_Tale_of_Tw.txt,A Year in Review: A Tale of Two Supply Shocks,Governor Adriana D. Kugler,speech,122,33.60655737704918,66.39344262295081,14.862405,-0.3285069,0,0.0,0.0
2024-12-02,20241202_Cut_or_Skip_.txt,Cut or Skip?,Governor Christopher J. Waller,speech,81,37.03703703703704,62.96296296296296,29.051292,-0.3223018,0,0.0,0.0
2024-11-22,20241122_Artificial_Intelligence_in_the.txt,Artificial Intelligence in the Financial System,Governor Michelle W. Bowman,speech,126,0.7936507936507936,99.20634920634922,0.06906734,-0.9834968,0,0.0,0.0
2024-11-20,20241120_Approaching_Policymaking_Pragm.txt,Approaching Policymaking Pragmatically,Governor Michelle W. Bowman,speech,3,0.0,100.0,0.009935667,-0.99930054,0,0.0,0.0
2024-11-20,20241120_Economic_Outlook.txt,Economic Outlook,Governor Lisa D. Cook,speech,32,40.625,59.375,21.285868,-0.2000153,0,0.0,0.0
2024-11-14,20241114_Economic_Outlook.txt,Economic Outlook,Chair Jerome H. Powell,speech,48,37.5,62.5,13.904593,-0.2665789,0,0.0,0.0
2024-11-14,20241114_Central_Bank_Independence_and_.txt,Central Bank Independence and the Conduct of Monetary Policy,Governor Adriana D. Kugler,speech,61,19.672131147540984,80.32786885245902,3.7660763,-0.5666209,0,0.0,0.0
2024-11-12,20241112_What_Roles_Should_the_Private_.txt,What Roles Should the Private Sector and the Federal Reserve Play in Payments?,Governor Christopher J. Waller,speech,97,1.0309278350515463,98.96907216494846,3.6446805,-0.9561144,0,0.0,0.0
2024-10-23,20241023_Opening_Remarks.txt,Opening Remarks,Governor Michelle W. Bowman,speech,41,0.0,100.0,0.020062627,-0.998937,0,0.0,0.0
2024-10-18,20241018_Centralized_and_Decentralized_.txt,Centralized and Decentralized Finance: Substitutes or Complements?,Governor Christopher J. Waller,speech,107,0.0,100.0,0.039134417,-0.993915,0,0.0,0.0
2024-10-14,20241014_Thoughts_on_the_Economy_and_Po.txt,Thoughts on the Economy and Policy Rules at the Federal Open Market Committee,Governor Christopher J. Waller,speech,113,39.823008849557525,60.17699115044248,17.352802,-0.2530161,0,0.0,0.0
2024-10-11,20241011_Challenges_to_the_Community_Ba.txt,Challenges to the Community Banking Model,Governor Michelle W. Bowman,speech,94,1.0638297872340425,98.93617021276596,0.02720395,-0.9882962,0,0.0,0.0
2024-10-10,20241010_Entrepreneurs__Innovation__and.txt,"Entrepreneurs, Innovation, and Participation",Governor Lisa D. Cook,speech,45,0.0,100.0,0.67171973,-0.991428,0,0.0,0.0
2024-10-09,20241009_The_Fed_s_Discount_Window__199.txt,The Fed's Discount Window: 1990 to the Present,Vice Chair Philip N. Jefferson,speech,123,14.634146341463413,85.36585365853658,11.772763,-0.688685,0,0.0,0.0
2024-10-08,20241008_A_History_of_the_Fed_s_Discoun.txt,A History of the Fed's Discount Window: 1913â2000,Vice Chair Philip N. Jefferson,speech,149,18.120805369127517,81.87919463087249,14.005695,-0.6361932,0,0.0,0.0
2024-10-08,20241008_The_Global_Fight_Against_Infla.txt,The Global Fight Against Inflation,Governor Adriana D. Kugler,speech,18,44.44444444444444,55.55555555555556,5.4812684,-0.12363972,0,0.0,0.0
2024-10-02,20241002_Building_a_Community_Banking_F.txt,Building a Community Banking Framework for the Future,Governor Michelle W. Bowman,speech,210,1.9047619047619049,98.09523809523809,0.6225951,-0.95063245,0,0.0,0.0
2024-10-01,20241001_Artificial_Intelligence__Big_D.txt,"Artificial Intelligence, Big Data, and the Path Ahead for Productivity",Governor Lisa D. Cook,speech,93,5.376344086021505,94.6236559139785,3.8100893,-0.89710146,0,0.0,0.0
2024-09-30,20240930_Economic_Outlook.txt,Economic Outlook,Chair Jerome H. Powell,speech,50,44.0,56.00000000000001,21.64486,-0.1102437,0,0.0,0.0
2024-09-30,20240930_Recent_Views_on_Monetary_Polic.txt,Recent Views on Monetary Policy and the Economic Outlook,Governor Michelle W. Bowman,speech,80,61.25000000000001,38.75,24.570047,0.06767975,0,0.0,0.0
2024-09-26,20240926_What_Will_Artificial_Intellige.txt,What Will Artificial Intelligence Mean for Americaâs Workers?,Governor Lisa D. Cook,speech,129,9.30232558139535,90.69767441860465,10.524394,-0.7690895,0,0.0,0.0
2024-09-26,20240926_Supporting_Market_Resilience_a.txt,Supporting Market Resilience and Financial Stability,Vice Chair for Supervision Michael S. Barr,speech,86,9.30232558139535,90.69767441860465,7.320159,-0.79844844,0,0.0,0.0
2024-09-26,20240926_Opening_Remarks.txt,Opening Remarks,Chair Jerome H. Powell,speech,20,5.0,95.0,4.2575307,-0.93766373,0,0.0,0.0
2024-09-26,20240926_Video.txt,Video,Chair Jerome H. Powell,speech,20,5.0,95.0,4.2575307,-0.93766373,0,0.0,0.0
2024-09-26,20240926_Recent_Views_on_Monetary_Polic.txt,Recent Views on Monetary Policy and the Economic Outlook,Governor Michelle W. Bowman,speech,81,61.72839506172839,38.2716049382716,24.427126,0.077229805,0,0.0,0.0
2024-09-25,20240925_How_We_Got_Here___A_Perspectiv.txt,How We Got Here:  A Perspective on Inflation and the Labor Market,Governor Adriana D. Kugler,speech,101,47.524752475247524,52.475247524752476,23.240093,-0.05436971,0,0.0,0.0
2024-09-24,20240924_Recent_Views_on_Monetary_Polic.txt,Recent Views on Monetary Policy and the Economic Outlook,Governor Michelle W. Bowman,speech,81,61.72839506172839,38.2716049382716,24.427158,0.07723301,0,0.0,0.0
2024-09-20,20240920_Statement_by_Governor_Michelle.txt,Statement by Governor Michelle W. Bowman,Governor Michelle W. Bowman,speech,18,66.66666666666666,33.33333333333333,22.616798,0.39659297,0,0.0,0.0
2024-09-10,20240910_The_Future_of_Stress_Testing_a.txt,The Future of Stress Testing and the Stress Capital Buffer Framework,Governor Michelle W. Bowman,speech,146,3.4246575342465753,96.57534246575342,1.4593023,-0.9311856,0,0.0,0.0
2024-09-10,20240910_The_Next_Steps_on_Capital.txt,The Next Steps on Capital,Vice Chair for Supervision Michael S. Barr,speech,123,2.4390243902439024,97.5609756097561,0.9193366,-0.9178841,0,0.0,0.0
2024-09-06,20240906_The_Time_Has_Come.txt,The Time Has Come,Governor Christopher J. Waller,speech,9,33.33333333333333,66.66666666666666,6.9752307,-0.4140749,0,0.0,0.0
2024-08-28,20240828_Interlinking_Fast_Payment_Syst.txt,Interlinking Fast Payment Systems,Governor Christopher J. Waller,speech,78,0.0,100.0,0.37630397,-0.9934033,0,0.0,0.0
2024-08-23,20240823_Review_and_Outlook.txt,Review and Outlook,Chair Jerome H. Powell,speech,54,46.2962962962963,53.70370370370371,30.731503,-0.09180686,0,0.0,0.0
2024-08-20,20240820_Remarks_on_the_Economic_Outloo.txt,Remarks on the Economic Outlook and Financial Inclusion,Governor Michelle W. Bowman,speech,121,23.140495867768596,76.85950413223141,10.67689,-0.56090546,0,0.0,0.0
2024-08-19,20240819_Opening_Remarks.txt,Opening Remarks,Governor Christopher J. Waller,speech,38,2.631578947368421,97.36842105263158,0.20361386,-0.9327545,0,0.0,0.0
2024-08-10,20240810_Update_on_the_Economic_Outlook.txt,"Update on the Economic Outlook, and Perspective on Bank Culture, M&A, and Liquidity",Governor Michelle W. Bowman,speech,172,19.186046511627907,80.81395348837209,10.371698,-0.60777694,0,0.0,0.0
2024-07-24,20240724_Opening_Remarks.txt,Opening Remarks,Governor Michelle W. Bowman,speech,29,3.4482758620689653,96.55172413793103,0.16301624,-0.9365583,0,0.0,0.0
2024-07-24,20240724_Video.txt,Video,Governor Michelle W. Bowman,speech,29,3.4482758620689653,96.55172413793103,0.16301624,-0.9365583,0,0.0,0.0
2024-07-18,20240718_Liquidity__Supervision__and_Re.txt,"Liquidity, Supervision, and Regulatory Reform",Governor Michelle W. Bowman,speech,146,2.73972602739726,97.26027397260275,4.8296084,-0.9078473,0,0.0,0.0
2024-07-17,20240717_Getting_Closer.txt,Getting Closer,Governor Christopher J. Waller,speech,48,29.166666666666668,70.83333333333334,24.32013,-0.31508347,0,0.0,0.0
2024-07-16,20240716_The_Challenges_Facing_Economic.txt,The Challenges Facing Economic Measurement and Creative Solutions,Governor Adriana D. Kugler,speech,157,6.369426751592357,93.63057324840764,3.2912354,-0.8790037,0,0.0,0.0
2024-07-10,20240710_Common_Inflation_and_Monetary_.txt,Common Inflation and Monetary Policy Challenges across Countries,Governor Lisa D. Cook,speech,12,41.66666666666667,58.333333333333336,32.78496,-0.49381104,0,0.0,0.0
2024-07-10,20240710_Opening_Remarks.txt,Opening Remarks,Governor Michelle W. Bowman,speech,24,0.0,100.0,0.010582318,-0.9950159,0,0.0,0.0
2024-07-09,20240709_Promoting_an_Inclusive_Financi.txt,Promoting an Inclusive Financial System,Governor Michelle W. Bowman,speech,60,0.0,100.0,1.7212086,-0.9624045,0,0.0,0.0
2024-07-09,20240709_Financial_Inclusion__Past__Pre.txt,"Financial Inclusion: Past, Present, and Hopes for the Future",Vice Chair for Supervision Michael S. Barr,speech,1,0.0,100.0,0.018358497,-0.9992013,0,0.0,0.0
2024-06-27,20240627_Brief_Remarks_on_the_Economy__.txt,"Brief Remarks on the Economy, Monetary Policy, and Bank Regulation",Governor Michelle W. Bowman,speech,108,21.296296296296298,78.70370370370371,5.47482,-0.5601624,0,0.0,0.0
2024-06-26,20240626_The_Consequences_of_Bank_Capit.txt,The Consequences of Bank Capital Reform,Governor Michelle W. Bowman,speech,93,27.956989247311824,72.04301075268818,6.1967416,-0.4311994,0,0.0,0.0
2024-06-25,20240625_Opening_Remarks.txt,Opening Remarks,Governor Michelle W. Bowman,speech,32,0.0,100.0,0.10233199,-0.9951253,0,0.0,0.0
2024-06-25,20240625_Video.txt,Video,Governor Michelle W. Bowman,speech,32,0.0,100.0,0.10233199,-0.9951253,0,0.0,0.0
2024-06-25,20240625_Moving_Toward_Better_Balance_a.txt,Moving Toward Better Balance and Implications for Monetary Policy,Governor Lisa D. Cook,speech,59,33.89830508474576,66.10169491525424,21.0455,-0.2890202,0,0.0,0.0
2024-06-25,20240625_Perspectives_on_U_S__Monetary_.txt,Perspectives on U.S. Monetary Policy and Bank Capital Reform,Governor Michelle W. Bowman,speech,1,0.0,100.0,0.014782153,-0.9994132,0,0.0,0.0
2024-06-24,20240624_Welcoming_Remarks.txt,Welcoming Remarks,Governor Christopher J. Waller,speech,35,5.714285714285714,94.28571428571428,2.1637444,-0.9066668,0,0.0,0.0
2024-06-18,20240618_Some_Reasons_for_Optimism_abou.txt,Some Reasons for Optimism about Inflation,Governor Adriana D. Kugler,speech,77,45.45454545454545,54.54545454545454,23.299807,-0.0704749,0,0.0,0.0
2024-06-17,20240617_A_Transformative_Experience.txt,A Transformative Experience,Governor Lisa D. Cook,speech,73,0.0,100.0,0.02098855,-0.9972739,0,0.0,0.0
2024-06-17,20240617_Innovation_in_the_Financial_Sy.txt,Innovation in the Financial System,Governor Michelle W. Bowman,speech,159,0.0,100.0,0.5496891,-0.9928967,0,0.0,0.0
2024-06-14,20240614_Lessons_from_the_American_Econ.txt,Lessons from the American Economic Association Summer Program,Governor Lisa D. Cook,speech,47,0.0,100.0,0.07571326,-0.99849594,0,0.0,0.0
2024-06-07,20240607_A_New_Class_of_Trailblazers.txt,A New Class of Trailblazers,Governor Lisa D. Cook,speech,70,0.0,100.0,0.027058117,-0.9983601,0,0.0,0.0
2024-05-28,20240528_The_Federal_Reserve_s_Balance_.txt,The Federal Reserve's Balance Sheet as a Monetary Policy Tool:  Past Lessons and Future Considerations,Governor Michelle W. Bowman,speech,22,36.36363636363637,63.63636363636363,40.195374,-0.35918796,0,0.0,0.0
2024-05-24,20240524_Some_Thoughts_on_r____Why_Did_.txt,Some Thoughts on r*:  Why Did It Fall and Will It Rise?,Governor Christopher J. Waller,speech,143,24.475524475524477,75.52447552447552,16.316221,-0.514868,0,0.0,0.0
2024-05-21,20240521_Little_by_Little__Progress_See.txt,"Little by Little, Progress Seems to be Resuming.",Governor Christopher J. Waller,speech,96,26.041666666666668,73.95833333333334,15.895714,-0.40337253,0,0.0,0.0
2024-05-20,20240520_U_S__Economic_Outlook_and_Hous.txt,U.S. Economic Outlook and Housing Price Dynamics,Vice Chair Philip N. Jefferson,speech,50,38.0,62.0,7.5578156,-0.28247496,0,0.0,0.0
2024-05-20,20240520_Welcoming_Remarks_on_the_Inter.txt,Welcoming Remarks on the International Role of the U.S. Dollar,Governor Christopher J. Waller,speech,36,8.333333333333332,91.66666666666666,10.054731,-0.84421575,0,0.0,0.0
2024-05-20,20240520_On_Building_a_Resilient_Regula.txt,On Building a Resilient Regulatory Framework,Vice Chair for Supervision Michael S. Barr,speech,113,7.964601769911504,92.03539823008849,9.3249235,-0.8089651,0,0.0,0.0
2024-05-19,20240519_Georgetown_University_Law_Cent.txt,Georgetown University Law Center Commencement Address,Chair Jerome H. Powell,speech,108,0.0,100.0,0.70263624,-0.9843994,0,0.0,0.0
2024-05-18,20240518_On_the_Road_Ahead__Cherish_the.txt,"On the Road Ahead, Cherish the Detours",Governor Adriana D. Kugler,speech,80,0.0,100.0,0.023948405,-0.99868155,0,0.0,0.0
2024-05-17,20240517_Brief_Remarks_on_the_Economy__.txt,"Brief Remarks on the Economy, Monetary Policy, and Bank Regulation",Governor Michelle W. Bowman,speech,150,14.666666666666666,85.33333333333334,4.4511037,-0.68990135,0,0.0,0.0
2024-05-17,20240517_Payments_Innovation__Technical.txt,"Payments Innovation, Technical Standards, and the Federal Reserve's Roles",Governor Christopher J. Waller,speech,74,0.0,100.0,0.014757994,-0.9992119,0,0.0,0.0
2024-05-15,20240515_Innovation_and_the_Evolving_Fi.txt,Innovation and the Evolving Financial Landscape,Governor Michelle W. Bowman,speech,100,0.0,100.0,0.5003961,-0.99390966,0,0.0,0.0
2024-05-14,20240514_Growth_and_Change_at_Community.txt,Growth and Change at Community Development Financial Institutions,Governor Lisa D. Cook,speech,75,8.0,92.0,3.0729983,-0.84131604,0,0.0,0.0
2024-05-13,20240513_Communicating_about_Monetary_P.txt,Communicating about Monetary Policy,Vice Chair Philip N. Jefferson,speech,143,1.3986013986013985,98.6013986013986,1.9265411,-0.9595149,0,0.0,0.0
2024-05-10,20240510_Commencement_Remarks.txt,Commencement Remarks,Vice Chair for Supervision Michael S. Barr,speech,88,0.0,100.0,0.032309536,-0.99871546,0,0.0,0.0
2024-05-10,20240510_Financial_Stability_Risks__Res.txt,Financial Stability Risks: Resiliency and the Role of Regulators,Governor Michelle W. Bowman,speech,154,16.883116883116884,83.11688311688312,6.282609,-0.6778909,0,0.0,0.0
2024-05-08,20240508_Current_Assessment_of_Financia.txt,Current Assessment of Financial Stability,Governor Lisa D. Cook,speech,23,21.73913043478261,78.26086956521739,3.174766,-0.6073409,0,0.0,0.0
2024-05-04,20240504__Oh__the_Places_Youâ__ll_Go_an.txt,"""Oh, the Places Youâll Go and the Things Youâll Do""",Governor Lisa D. Cook,speech,84,0.0,100.0,0.018960368,-0.999103,0,0.0,0.0
2024-05-03,20240503_Brief_Remarks_on_the_Economy_a.txt,Brief Remarks on the Economy and Monetary Policy,Governor Michelle W. Bowman,speech,35,65.71428571428571,34.285714285714285,6.3078175,0.25217843,0,0.0,0.0
2024-04-18,20240418_Opening_Remarks.txt,Opening Remarks,Governor Michelle W. Bowman,speech,38,2.631578947368421,97.36842105263158,2.1165478,-0.9547009,0,0.0,0.0
2024-04-16,20240416_Economic_Uncertainty_and_the_E.txt,Economic Uncertainty and the Evolution of Monetary Policymaking,Vice Chair Philip N. Jefferson,speech,191,8.900523560209423,91.09947643979058,3.180758,-0.81489754,0,0.0,0.0
2024-04-05,20240405_Risks_and_Uncertainty_in_Monet.txt,Risks and Uncertainty in Monetary Policy: Current and Past Considerations,Governor Michelle W. Bowman,speech,3,0.0,100.0,0.0053357715,-0.99964315,0,0.0,0.0
2024-04-04,20240404_Enriching_Data_and_Analysis_in.txt,Enriching Data and Analysis in Economics with Real Life Experiences,Governor Adriana D. Kugler,speech,102,0.0,100.0,0.028241701,-0.9979422,0,0.0,0.0
2024-04-03,20240403_The_Outlook_for_the_U_S__Econo.txt,The Outlook for the U.S. Economy and Monetary Policy,Governor Adriana D. Kugler,speech,6,16.666666666666664,83.33333333333334,0.08768898,-0.66726464,0,0.0,0.0
2024-04-03,20240403_Opening_Remarks.txt,Opening Remarks,Chair Jerome H. Powell,speech,70,24.285714285714285,75.71428571428571,9.361789,-0.56868595,0,0.0,0.0
2024-04-03,20240403_Bank_Liquidity__Regulation__an.txt,"Bank Liquidity, Regulation, and the Fed's Role as Lender of Last Resort",Governor Michelle W. Bowman,speech,128,5.46875,94.53125,9.593529,-0.83438104,0,0.0,0.0
2024-04-02,20240402_Bank_Mergers_and_Acquisitions_.txt,"Bank Mergers and Acquisitions, and De Novo Bank Formation: Implications for the Future of the Banking System",Governor Michelle W. Bowman,speech,102,1.9607843137254901,98.0392156862745,0.49040723,-0.9593236,0,0.0,0.0
2024-04-01,20240401_Hope__Promise__and_Mentors.txt,"Hope, Promise, and Mentors",Governor Lisa D. Cook,speech,42,0.0,100.0,1.810346,-0.96050537,0,0.0,0.0
2024-03-27,20240327_Thereâ__s_Still_No_Rush.txt,Thereâs Still No Rush,Governor Christopher J. Waller,speech,116,36.206896551724135,63.793103448275865,15.541821,-0.24429592,0,0.0,0.0
2024-03-25,20240325_The_Dual_Mandate_and_the_Balan.txt,The Dual Mandate and the Balance of Risks,Governor Lisa D. Cook,speech,149,35.57046979865772,64.42953020134227,13.966701,-0.3070229,0,0.0,0.0
2024-03-07,20240307_Reflections_on_the_Economy_and.txt,Reflections on the Economy and Bank Regulation,Governor Michelle W. Bowman,speech,6,33.33333333333333,66.66666666666666,1.4200535,-0.47620592,0,0.0,0.0
2024-03-05,20240305_Tailoring__Fidelity_to_the_Rul.txt,"Tailoring, Fidelity to the Rule of Law, and Unintended Consequences",Governor Michelle W. Bowman,speech,90,2.2222222222222223,97.77777777777777,0.084783725,-0.9499232,0,0.0,0.0
2024-03-01,20240301_Disinflation_without_a_Rise_in.txt,Disinflation without a Rise in Unemployment?  What Is Different This Time Around,Governor Adriana D. Kugler,speech,134,42.53731343283582,57.46268656716418,16.303118,-0.16268153,0,0.0,0.0
2024-03-01,20240301_Thoughts_on_Quantitative_Tight.txt,"Thoughts on Quantitative Tightening, Including Remarks on the Paper ""Quantitative Tightening around the Globe:  What Have We Learned?""",Governor Christopher J. Waller,speech,140,18.571428571428573,81.42857142857143,11.769681,-0.6397888,0,0.0,0.0
2024-02-27,20240227_Reflections_on_the_Economy_and.txt,Reflections on the Economy and Bank Regulation,Governor Michelle W. Bowman,speech,8,25.0,75.0,1.0677798,-0.6070401,0,0.0,0.0
2024-02-27,20240227_The_Importance_of_Counterparty.txt,The Importance of Counterparty Credit Risk Management,Vice Chair for Supervision Michael S. Barr,speech,78,3.8461538461538463,96.15384615384616,0.6981909,-0.9063489,0,0.0,0.0
2024-02-22,20240222_Whatâ__s_the_Rush_.txt,Whatâs the Rush?,Governor Christopher J. Waller,speech,113,44.24778761061947,55.75221238938053,10.382107,-0.17087966,0,0.0,0.0
2024-02-22,20240222_Sources_of_Uncertainty_in_the_.txt,Sources of Uncertainty in the Short Run and the Long Run,Governor Lisa D. Cook,speech,22,9.090909090909092,90.9090909090909,9.3975935,-0.7285088,0,0.0,0.0
2024-02-22,20240222_Is_This_Time_Different__Recent.txt,Is This Time Different? Recent Monetary Policy Cycles in Retrospect,Vice Chair Philip N. Jefferson,speech,107,41.1214953271028,58.87850467289719,28.509607,-0.33426553,0,0.0,0.0
2024-02-16,20240216_Supervision_with_Speed__Force_.txt,"Supervision with Speed, Force, and Agility",Vice Chair for Supervision Michael S. Barr,speech,118,0.847457627118644,99.15254237288136,3.6158845,-0.9471538,0,0.0,0.0
2024-02-15,20240215_The_Dollar_s_International_Rol.txt,The Dollar's International Role,Governor Christopher J. Waller,speech,1,0.0,100.0,0.007442873,-0.9996625,0,0.0,0.0
2024-02-15,20240215_Advancing_Cross-Border_Payment.txt,Advancing Cross-Border Payments and Financial Inclusion,Governor Michelle W. Bowman,speech,98,0.0,100.0,0.4072144,-0.97612196,0,0.0,0.0
2024-02-14,20240214_The_Intersection_of_Monetary_P.txt,"The Intersection of Monetary Policy, Market Functioning, and Liquidity Risk Management",Vice Chair for Supervision Michael S. Barr,speech,104,25.961538461538463,74.03846153846155,24.62085,-0.43911463,0,0.0,0.0
2024-02-12,20240212_Defining_a_Bank.txt,Defining a Bank,Governor Michelle W. Bowman,speech,109,4.587155963302752,95.41284403669725,0.5789663,-0.90513855,0,0.0,0.0
2024-02-07,20240207_Supporting_Entrepreneurship___.txt,Supporting Entrepreneurship & Small Businesses,Governor Michelle W. Bowman,speech,64,7.8125,92.1875,4.3133364,-0.82834435,0,0.0,0.0
2024-02-07,20240207_The_Outlook_for_the_Economy_an.txt,The Outlook for the Economy and Monetary Policy,Governor Adriana D. Kugler,speech,23,17.391304347826086,82.6086956521739,19.806696,-0.60295784,0,0.0,0.0
2024-02-02,20240202_The_Future_of_Banking.txt,The Future of Banking,Governor Michelle W. Bowman,speech,7,0.0,100.0,0.008091115,-0.99968576,0,0.0,0.0
2024-01-17,20240117_Opening_Remarks.txt,Opening Remarks,Vice Chair for Supervision Michael S. Barr,speech,34,0.0,100.0,0.030203786,-0.99867374,0,0.0,0.0
2024-01-17,20240117_The_Path_Forward_for_Bank_Capi.txt,The Path Forward for Bank Capital Reform,Governor Michelle W. Bowman,speech,105,8.571428571428571,91.42857142857143,1.3795267,-0.8120473,0,0.0,0.0
2024-01-16,20240116_Almost_as_Good_as_It_Getsâ__Bu.txt,Almost as Good as It Getsâ¦But Will It Last?,Governor Christopher J. Waller,speech,115,33.91304347826087,66.08695652173913,20.66785,-0.3341277,0,0.0,0.0
2024-01-08,20240108_New_Yearâ__s_Resolutions_for_B.txt,New Yearâs Resolutions for Bank Regulatory Policymakers,Governor Michelle W. Bowman,speech,140,12.857142857142856,87.14285714285714,3.128177,-0.73782957,0,0.0,0.0
2025-05-03,20250503_Four_Guides_for_the_Journey_Ah.txt,Four Guides for the Journey Ahead,Governor Lisa D. Cook,speech,89,0.0,100.0,0.027564345,-0.9980514,0,0.0,0.0
2025-04-23,20250423_Welcoming_Remarks.txt,Welcoming Remarks,Governor Christopher J. Waller,speech,23,0.0,100.0,0.019965358,-0.9985869,0,0.0,0.0
2025-04-22,20250422_Transmission_of_Monetary_Polic.txt,Transmission of Monetary Policy,Governor Adriana D. Kugler,speech,125,32.0,68.0,13.4226885,-0.31315735,4,3.2,0.8827611804008484
2025-04-22,20250422_Economic_Mobility_and_the_Dual.txt,Economic Mobility and the Dual Mandate,Vice Chair Philip N. Jefferson,speech,138,6.521739130434782,93.47826086956522,4.9892545,-0.8241947,0,0.0,0.0
2025-04-17,20250417_Deepfakes_and_the_AI_Arms_Race.txt,Deepfakes and the AI Arms Race in Bank Cybersecurity,Governor Michael S. Barr,speech,78,0.0,100.0,0.51815003,-0.9916913,0,0.0,0.0
2025-04-16,20250416_Economic_Outlook.txt,Economic Outlook,Chair Jerome H. Powell,speech,44,43.18181818181818,56.81818181818182,3.4337788,-0.14279865,4,9.090909090909092,0.9906452298164368
2025-04-15,20250415_2025_Distinguished_Alumna_Awar.txt,2025 Distinguished Alumna Award Acceptance Remarks,Governor Lisa D. Cook,speech,87,1.1494252873563218,98.85057471264368,0.8515763,-0.9656844,0,0.0,0.0
2025-04-14,20250414_A_Tale_of_Two_Outlooks.txt,A Tale of Two Outlooks,Governor Christopher J. Waller,speech,48,29.166666666666668,70.83333333333334,12.077733,-0.39285788,19,39.58333333333333,-0.30793580412864685
2025-04-07,20250407_Inflation_Dynamics_and_the_Phi.txt,Inflation Dynamics and the Phillips Curve,Governor Adriana D. Kugler,speech,6,0.0,100.0,0.3400487,-0.9910388,0,0.0,0.0
2025-04-04,20250404_AI__Fintechs__and_Banks.txt,"AI, Fintechs, and Banks",Governor Michael S. Barr,speech,88,0.0,100.0,0.23659055,-0.9953403,0,0.0,0.0
2025-04-04,20250404_Economic_Outlook.txt,Economic Outlook,Chair Jerome H. Powell,speech,48,43.75,56.25,8.955072,-0.120572,4,8.333333333333332,0.5010330677032471
2025-04-03,20250403_The_Economic_Outlook_and_Path_.txt,The Economic Outlook and Path of Policy,Governor Lisa D. Cook,speech,222,32.432432432432435,67.56756756756756,13.914071,-0.34722197,13,5.8558558558558556,0.4734760820865631
2025-04-03,20250403_U_S__Economic_Outlook_and_Cent.txt,U.S. Economic Outlook and Central Bank Communications,Vice Chair Philip N. Jefferson,speech,28,3.571428571428571,96.42857142857143,2.6009905,-0.954105,0,0.0,0.0
2025-04-02,20250402_Inflation_Expectations_and_Mon.txt,Inflation Expectations and Monetary Policymaking,Governor Adriana D. Kugler,speech,125,26.400000000000002,73.6,3.412281,-0.4751472,1,0.8,0.994017481803894
2025-03-25,20250325_Latinos__Entrepreneurs__and_th.txt,"Latinos, Entrepreneurs, and the U.S. Economy",Governor Adriana D. Kugler,speech,88,22.727272727272727,77.27272727272727,6.746988,-0.567031,0,0.0,0.0
2025-03-24,20250324_Helping_Small_Businesses_Reach.txt,Helping Small Businesses Reach Their Potential,Governor Michael S. Barr,speech,65,0.0,100.0,1.5495287,-0.9813215,0,0.0,0.0
2025-03-21,20250321_Statement_by_Governor_Christop.txt,Statement by Governor Christopher J. Waller,Governor Christopher J. Waller,speech,12,41.66666666666667,58.333333333333336,28.444777,-0.2852135,0,0.0,0.0
2025-03-07,20250307_Economic_Outlook.txt,Economic Outlook,Chair Jerome H. Powell,speech,50,24.0,76.0,9.438009,-0.46061516,1,2.0,-0.937960684299469
2025-03-07,20250307_The_Rebalancing_of_Labor_Marke.txt,The Rebalancing of Labor Markets across the World,Governor Adriana D. Kugler,speech,109,35.77981651376147,64.22018348623854,32.468258,-0.25467426,0,0.0,0.0
2025-03-07,20250307_Remarks_on__Monetary_Policy_Tr.txt,"Remarks on ""Monetary Policy Transmission to Real Activity"" and the Recent Experience",Governor Michelle W. Bowman,speech,93,38.70967741935484,61.29032258064516,15.079141,-0.22848304,0,0.0,0.0
2025-02-27,20250227_Community_Banking.txt,Community Banking,Governor Michelle W. Bowman,speech,48,0.0,100.0,0.5850172,-0.99307126,0,0.0,0.0
2025-02-27,20250227_Promoting_Responsible_Innovati.txt,Promoting Responsible Innovation through the Novel Activities Program,Vice Chair for Supervision Michael S. Barr,speech,67,0.0,100.0,0.011538565,-0.9993809,0,0.0,0.0
2025-02-25,20250225_Managing_Financial_Crises.txt,Managing Financial Crises,Vice Chair for Supervision Michael S. Barr,speech,146,9.58904109589041,90.41095890410958,12.941488,-0.7828346,0,0.0,0.0
2025-02-21,20250221_Reading_between_the_Lines__Tex.txt,Reading between the Lines? Textual Analysis of Central Bank Communications,Vice Chair Philip N. Jefferson,speech,114,5.263157894736842,94.73684210526315,1.3993772,-0.88715184,7,6.140350877192982,-0.40320366621017456
2025-02-20,20250220_Navigating_Inflation_Waves__A_.txt,Navigating Inflation Waves: A Phillips Curve Perspective,Governor Adriana D. Kugler,speech,58,51.724137931034484,48.275862068965516,7.9376316,0.001315177,0,0.0,0.0
2025-02-20,20250220_Risks_and_Challenges_for_Bank_.txt,Risks and Challenges for Bank Regulation and Supervision,Vice Chair for Supervision Michael S. Barr,speech,201,2.4875621890547266,97.51243781094527,4.6494102,-0.92222935,0,0.0,0.0
2025-02-19,20250219_How_Healthy_are_U_S__Household.txt,How Healthy are U.S. Householdsâ Balance Sheets?,Vice Chair Philip N. Jefferson,speech,55,30.909090909090907,69.0909090909091,8.054903,-0.40961283,0,0.0,0.0
2025-02-18,20250218_Artificial_Intelligence___Hypo.txt,Artificial Intelligence:  Hypothetical Scenarios for the Future,Vice Chair for Supervision Michael S. Barr,speech,112,2.6785714285714284,97.32142857142857,1.9076393,-0.9355771,0,0.0,0.0
2025-02-17,20250217_Disinflation_Progress_Uneven_b.txt,Disinflation Progress Uneven but Still on Track Rates Cuts on Track as Well,Governor Christopher J. Waller,speech,101,40.5940594059406,59.4059405940594,13.180908,-0.26371196,3,2.9702970297029703,-0.9918980598449707
2025-02-17,20250217_Brief_Remarks_on_the_Economy_a.txt,"Brief Remarks on the Economy and Accountability in Supervision, Applications, and Regulation",Governor Michelle W. Bowman,speech,224,11.160714285714286,88.83928571428571,3.9770987,-0.773292,0,0.0,0.0
2025-02-12,20250212_Reflections_on_a_Maturing_Stab.txt,Reflections on a Maturing Stablecoin Market,Governor Christopher J. Waller,speech,114,1.7543859649122806,98.24561403508771,1.6988893,-0.9366318,0,0.0,0.0
2025-02-05,20250205_Bank_Regulation_in_2025_and_Be.txt,Bank Regulation in 2025 and Beyond,Governor Michelle W. Bowman,speech,136,4.411764705882353,95.58823529411765,2.9648578,-0.8864643,0,0.0,0.0
2025-02-07,20250207_Entrepreneurship_and_Aggregate.txt,Entrepreneurship and Aggregate Productivity,Governor Adriana D. Kugler,speech,90,22.22222222222222,77.77777777777779,12.994959,-0.5361445,0,0.0,0.0
2025-02-05,20250205_Bank_Regulation_in_2025_and_Be.txt,Bank Regulation in 2025 and Beyond,Governor Michelle W. Bowman,speech,136,4.411764705882353,95.58823529411765,2.9648578,-0.8864643,0,0.0,0.0
2025-02-05,20250205_Do_Non-inflationary_Economic_E.txt,Do Non-inflationary Economic Expansions Promote Shared Prosperity? Evidence from the U.S. Labor Market,Vice Chair Philip N. Jefferson,speech,128,22.65625,77.34375,21.202242,-0.4389211,0,0.0,0.0
2025-02-05,20250205_Bank_Regulation_in_2025_and_Be.txt,Bank Regulation in 2025 and Beyond,Governor Michelle W. Bowman,speech,136,4.411764705882353,95.58823529411765,2.9648578,-0.8864643,0,0.0,0.0
2025-02-04,20250204_U_S__Economic_Outlook_and_Mone.txt,U.S. Economic Outlook and Monetary Policy,Vice Chair Philip N. Jefferson,speech,107,35.51401869158878,64.48598130841121,14.724231,-0.29182848,0,0.0,0.0
2025-01-31,20250131_Brief_Remarks_on_the_Economy__.txt,"Brief Remarks on the Economy, and Perspective on Mutual and Community Banks",Governor Michelle W. Bowman,speech,207,11.594202898550725,88.40579710144928,3.5989258,-0.76019126,0,0.0,0.0
2025-01-09,20250109_Reflections_on_2024__Monetary_.txt,"Reflections on 2024: Monetary Policy, Economic Performance, and Lessons for Banking Regulation",Governor Michelle W. Bowman,speech,144,21.52777777777778,78.47222222222221,8.0298815,-0.5863917,0,0.0,0.0
2025-01-08,20250108_Challenges_Facing_Central_Bank.txt,Challenges Facing Central Bankers,Governor Christopher J. Waller,speech,126,20.634920634920633,79.36507936507937,13.914713,-0.5486071,4,3.1746031746031744,-0.4971737265586853
2025-01-06,20250106_An_Assessment_of_the_Economy_a.txt,An Assessment of the Economy and Financial Stability,Governor Lisa D. Cook,speech,154,18.83116883116883,81.16883116883116,9.091557,-0.6137826,0,0.0,0.0
