Year,Date,Title,Speaker,Location,URL,Filepath,Word Count
2018,2018-12-07,Assessing Financial Stability over the Cycle,Governor Lael Brainard,An official website of the United States Government,https://www.federalreserve.gov/newsevents/speech/brainard20181207a.htm,./data/fed_speeches\2018\20181207_Assessing_Financial_Stability_.txt,3625
2018,2018-12-06,Welcoming Remarks,Chairman Jerome H. Powell,An official website of the United States Government,https://www.federalreserve.gov/newsevents/speech/powell20181206a.htm,./data/fed_speeches\2018\20181206_Welcoming_Remarks.txt,1144
2018,2018-12-05,Banks as Vital Infrastructure for Rural Communities of the West,Vice Chairman for Supervision Randal K. Quarles,An official website of the United States Government,https://www.federalreserve.gov/newsevents/speech/quarles20181205a.htm,./data/fed_speeches\2018\20181205_Banks_as_Vital_Infrastructure_.txt,3265
2018,2018-12-03,Celebrating Excellence in Community Development,Chairman Jerome H. Powell,An official website of the United States Government,https://www.federalreserve.gov/newsevents/speech/powell20181203a.htm,./data/fed_speeches\2018\20181203_Celebrating_Excellence_in_Comm.txt,829
2018,2018-12-03,Celebrating Excellence in Community Development,Governor Lael Brainard,An official website of the United States Government,https://www.federalreserve.gov/newsevents/speech/brainard20181203b.htm,./data/fed_speeches\2018\20181203_Celebrating_Excellence_in_Comm.txt,894
2018,2018-12-03,The Structure of the Treasury Market:  What Are We Learning?,Governor Lael Brainard,An official website of the United States Government,https://www.federalreserve.gov/newsevents/speech/brainard20181203a.htm,./data/fed_speeches\2018\20181203_The_Structure_of_the_Treasury_.txt,3081
2018,2018-11-28,The Federal Reserve's Framework for Monitoring Financial Stability,Chairman Jerome H. Powell,An official website of the United States Government,https://www.federalreserve.gov/newsevents/speech/powell20181128a.htm,./data/fed_speeches\2018\20181128_The_Federal_Reserve_s_Framewor.txt,1451
2018,2018-11-27,Data Dependence and U.S. Monetary Policy,Vice Chairman Richard H. Clarida,An official website of the United States Government,https://www.federalreserve.gov/newsevents/speech/clarida20181127a.htm,./data/fed_speeches\2018\20181127_Data_Dependence_and_U_S__Monet.txt,1990
2018,2018-11-16,Beginning Stress Testingâs New Chapter,Vice Chairman for Supervision Randal K. Quarles,An official website of the United States Government,https://www.federalreserve.gov/newsevents/speech/quarles20181116a.htm,./data/fed_speeches\2018\20181116_Beginning_Stress_Testingâ__s_N.txt,1591
2018,2018-11-13,What Are We Learning about Artificial Intelligence in Financial Services?,Governor Lael Brainard,An official website of the United States Government,https://www.federalreserve.gov/newsevents/speech/brainard20181113a.htm,./data/fed_speeches\2018\20181113_What_Are_We_Learning_about_Art.txt,3015
2018,2018-11-09,A New Chapter in Stress Testing,Vice Chairman for Supervision Randal K. Quarles,An official website of the United States Government,https://www.federalreserve.gov/newsevents/speech/quarles20181109a.htm,./data/fed_speeches\2018\20181109_A_New_Chapter_in_Stress_Testin.txt,3388
2018,2018-10-25,Outlook for the U.S. Economy and Monetary Policy,Vice Chairman Richard H. Clarida,An official website of the United States Government,https://www.federalreserve.gov/newsevents/speech/clarida20181025a.htm,./data/fed_speeches\2018\20181025_Outlook_for_the_U_S__Economy_a.txt,2321
2018,2018-10-18,Donât Chase the Needles: An Optimistic Assessment of the Economic Outlook and Monetary Policy,Vice Chairman for Supervision Randal K. Quarles,An official website of the United States Government,https://www.federalreserve.gov/newsevents/speech/quarles20181018a.htm,./data/fed_speeches\2018\20181018_Donâ__t_Chase_the_Needles__An_.txt,2636
2018,2018-10-17,FinTech and the Search for Full Stack Financial Inclusion,Governor Lael Brainard,An official website of the United States Government,https://www.federalreserve.gov/newsevents/speech/brainard20181017a.htm,./data/fed_speeches\2018\20181017_FinTech_and_the_Search_for_Ful.txt,1460
2018,2018-10-15,Community Investment in Denver,Governor Lael Brainard,An official website of the United States Government,https://www.federalreserve.gov/newsevents/speech/brainard20181015a.htm,./data/fed_speeches\2018\20181015_Community_Investment_in_Denver.txt,1196
2018,2018-10-04,Trends in Urban and Rural Community Banks,Vice Chairman for Supervision Randal K. Quarles,An official website of the United States Government,https://www.federalreserve.gov/newsevents/speech/quarles20181004a.htm,./data/fed_speeches\2018\20181004_Trends_in_Urban_and_Rural_Comm.txt,3258
2018,2018-10-03,Supporting Fast Payments for All,Governor Lael Brainard,An official website of the United States Government,https://www.federalreserve.gov/newsevents/speech/brainard20181003a.htm,./data/fed_speeches\2018\20181003_Supporting_Fast_Payments_for_A.txt,2418
2018,2018-10-02,Monetary Policy and Risk Management at a Time of Low Inflation and Low Unemployment,Chairman Jerome H. Powell,An official website of the United States Government,https://www.federalreserve.gov/newsevents/speech/powell20181002a.htm,./data/fed_speeches\2018\20181002_Monetary_Policy_and_Risk_Manag.txt,3492
2018,2018-09-27,Brief Remarks on the U.S. Economy,Chairman Jerome H. Powell,An official website of the United States Government,https://www.federalreserve.gov/newsevents/speech/powell20180927a.htm,./data/fed_speeches\2018\20180927_Brief_Remarks_on_the_U_S__Econ.txt,515
2018,2018-09-12,What Do We Mean by Neutral and What Role Does It Play in Monetary Policy?,Governor Lael Brainard,An official website of the United States Government,https://www.federalreserve.gov/newsevents/speech/brainard20180912a.htm,./data/fed_speeches\2018\20180912_What_Do_We_Mean_by_Neutral_and.txt,2736
2018,2018-08-24,Monetary Policy in a Changing Economy,Chairman Jerome H. Powell,An official website of the United States Government,https://www.federalreserve.gov/newsevents/speech/powell20180824a.htm,./data/fed_speeches\2018\20180824_Monetary_Policy_in_a_Changing_.txt,563
2018,2018-07-19,Introductory Remarks,Vice Chairman for Supervision Randal K. Quarles,An official website of the United States Government,https://www.federalreserve.gov/newsevents/speech/quarles20180719a.htm,./data/fed_speeches\2018\20180719_Introductory_Remarks.txt,1782
2018,2018-07-18,Getting It Right: Factors for Tailoring Supervision and Regulation of Large Financial Institutions,Vice Chairman for Supervision Randal K. Quarles,An official website of the United States Government,https://www.federalreserve.gov/newsevents/speech/quarles20180718a.htm,./data/fed_speeches\2018\20180718_Getting_It_Right__Factors_for_.txt,2670
2018,2018-06-27,America's Vital Interest in Global Efforts to Promote Financial Stability,Vice Chairman for Supervision Randal K. Quarles,An official website of the United States Government,https://www.federalreserve.gov/newsevents/speech/quarles20180627a.htm,./data/fed_speeches\2018\20180627_America_s_Vital_Interest_in_Gl.txt,3066
2018,2018-06-20,Monetary Policy at a Time of Uncertainty and Tight Labor Markets,Chairman Jerome H. Powell,An official website of the United States Government,https://www.federalreserve.gov/newsevents/speech/powell20180620a.htm,./data/fed_speeches\2018\20180620_Monetary_Policy_at_a_Time_of_U.txt,1406
2018,2018-05-31,Sustaining Full Employment and Inflation around Target,Governor Lael Brainard,An official website of the United States Government,https://www.federalreserve.gov/newsevents/speech/brainard20180531a.htm,./data/fed_speeches\2018\20180531_Sustaining_Full_Employment_and.txt,2854
2018,2018-05-25,Financial Stability and Central Bank Transparency,Chairman Jerome H. Powell,An official website of the United States Government,https://www.federalreserve.gov/newsevents/speech/powell20180525a.htm,./data/fed_speeches\2018\20180525_Financial_Stability_and_Centra.txt,1924
2018,2018-05-18,Keeping Community at the Heart of the Community Reinvestment Act,Governor Lael Brainard,An official website of the United States Government,https://www.federalreserve.gov/newsevents/speech/brainard20180518a.htm,./data/fed_speeches\2018\20180518_Keeping_Community_at_the_Heart.txt,2796
2018,2018-05-16,Trust Everyone--But Brand Your Cattle: Finding the Right Balance in Cross-Border Resolution,Vice Chairman for Supervision Randal K. Quarles,An official website of the United States Government,https://www.federalreserve.gov/newsevents/speech/quarles20180516a.htm,./data/fed_speeches\2018\20180516_Trust_Everyone--But_Brand_Your.txt,2610
2018,2018-05-15,"Cryptocurrencies, Digital Currencies, and Distributed Ledger Technologies: What Are We Learning?",Governor Lael Brainard,An official website of the United States Government,https://www.federalreserve.gov/newsevents/speech/brainard20180515a.htm,./data/fed_speeches\2018\20180515_Cryptocurrencies__Digital_Curr.txt,3235
2018,2018-05-08,Monetary Policy Influences on Global Financial Conditions and International Capital Flows,Chairman Jerome H. Powell,An official website of the United States Government,https://www.federalreserve.gov/newsevents/speech/powell20180508a.htm,./data/fed_speeches\2018\20180508_Monetary_Policy_Influences_on_.txt,1470
2018,2018-05-04,Liquidity Regulation and the Size of the Fed's Balance Sheet,Vice Chairman for Supervision Randal K. Quarles,An official website of the United States Government,https://www.federalreserve.gov/newsevents/speech/quarles20180504a.htm,./data/fed_speeches\2018\20180504_Liquidity_Regulation_and_the_S.txt,4060
2018,2018-04-19,Safeguarding Financial Resilience through the Cycle,Governor Lael Brainard,An official website of the United States Government,https://www.federalreserve.gov/newsevents/speech/brainard20180419a.htm,./data/fed_speeches\2018\20180419_Safeguarding_Financial_Resilie.txt,2494
2018,2018-04-17,Community Development in Baltimore and A Few Observations on Community Reinvestment Act Modernization,Governor Lael Brainard,An official website of the United States Government,https://www.federalreserve.gov/newsevents/speech/brainard20180417a.htm,./data/fed_speeches\2018\20180417_Community_Development_in_Balti.txt,1714
2018,2018-04-06,The Outlook for the U.S. Economy,Chairman Jerome H. Powell,An official website of the United States Government,https://www.federalreserve.gov/newsevents/speech/powell20180406a.htm,./data/fed_speeches\2018\20180406_The_Outlook_for_the_U_S__Econo.txt,3678
2018,2018-04-03,An Update on the Federal Reserve's Financial Stability Agenda,Governor Lael Brainard,An official website of the United States Government,https://www.federalreserve.gov/newsevents/speech/brainard20180403a.htm,./data/fed_speeches\2018\20180403_An_Update_on_the_Federal_Reser.txt,3525
2018,2018-03-26,The Roles of Consumer Protection and Small Business Access to Credit in Financial Inclusion,Vice Chairman for Supervision Randal K. Quarles,An official website of the United States Government,https://www.federalreserve.gov/newsevents/speech/quarles20180326a.htm,./data/fed_speeches\2018\20180326_The_Roles_of_Consumer_Protecti.txt,3047
2018,2018-03-06,Navigating Monetary Policy as Headwinds Shift to Tailwinds,Governor Lael Brainard,An official website of the United States Government,https://www.federalreserve.gov/newsevents/speech/brainard20180306a.htm,./data/fed_speeches\2018\20180306_Navigating_Monetary_Policy_as_.txt,1546
2018,2018-03-05,The Federal Reserveâs Regulatory Agenda for Foreign Banking Organizations: What Lies Ahead for Enhanced Prudential Standards and the Volcker Rule,Vice Chairman for Supervision Randal K. Quarles,An official website of the United States Government,https://www.federalreserve.gov/newsevents/speech/quarles20180305a.htm,./data/fed_speeches\2018\20180305_The_Federal_Reserveâ__s_Regula.txt,3026
2018,2018-02-26,Brief Thoughts on the Financial Regulatory System and Cybersecurity,Vice Chairman for Supervision Randal K. Quarles,An official website of the United States Government,https://www.federalreserve.gov/newsevents/speech/quarles20180226b.htm,./data/fed_speeches\2018\20180226_Brief_Thoughts_on_the_Financia.txt,812
2018,2018-02-26,An Assessment of the U.S. Economy,Vice Chairman for Supervision Randal K. Quarles,An official website of the United States Government,https://www.federalreserve.gov/newsevents/speech/quarles20180226a.htm,./data/fed_speeches\2018\20180226_An_Assessment_of_the_U_S__Econ.txt,582
2018,2018-02-22,The U.S. Economy after the Global Financial Crisis,Vice Chairman for Supervision Randal K. Quarles,An official website of the United States Government,https://www.federalreserve.gov/newsevents/speech/quarles20180222a.htm,./data/fed_speeches\2018\20180222_The_U_S__Economy_after_the_Glo.txt,1186
2018,2018-02-13,Remarks at the Ceremonial Swearing-in,Chairman Jerome H. Powell,An official website of the United States Government,https://www.federalreserve.gov/newsevents/speech/powell20180213a.htm,./data/fed_speeches\2018\20180213_Remarks_at_the_Ceremonial_Swea.txt,701
2018,2018-01-19,Early Observations on Improving the Effectiveness of Post-Crisis Regulation,Vice Chairman for Supervision Randal K. Quarles,An official website of the United States Government,https://www.federalreserve.gov/newsevents/speech/quarles20180119a.htm,./data/fed_speeches\2018\20180119_Early_Observations_on_Improvin.txt,2600
2019,2019-12-18,"Update on Digital Currencies, Stablecoins, and the Challenges Ahead",Governor Lael Brainard,An official website of the United States Government,https://www.federalreserve.gov/newsevents/speech/brainard20191218a.htm,./data/fed_speeches\2019\20191218_Update_on_Digital_Currencies__.txt,2299
2019,2019-11-26,"Federal Reserve Review of Monetary Policy Strategy, Tools, and Communications: Some Preliminary Views",Governor Lael Brainard,An official website of the United States Government,https://www.federalreserve.gov/newsevents/speech/brainard20191126a.htm,./data/fed_speeches\2019\20191126_Federal_Reserve_Review_of_Mone.txt,3178
2019,2019-11-25,Building on the Gains from the Long Expansion,Chair Jerome H. Powell,An official website of the United States Government,https://www.federalreserve.gov/newsevents/speech/powell20191125a.htm,./data/fed_speeches\2019\20191125_Building_on_the_Gains_from_the.txt,2335
2019,2019-11-14,"The Federal Reserveâs Review of Its Monetary Policy Strategy, Tools, and Communication Practices",Vice Chair Richard H. Clarida,An official website of the United States Government,https://www.federalreserve.gov/newsevents/speech/clarida20191114a.htm,./data/fed_speeches\2019\20191114_The_Federal_Reserveâ__s_Review.txt,2438
2019,2019-11-14,Brief Remarks (via pre-recorded video),Vice Chair for Supervision Randal K. Quarles,An official website of the United States Government,https://www.federalreserve.gov/newsevents/speech/quarles20191114a.htm,./data/fed_speeches\2019\20191114_Brief_Remarks__via_pre-recorde.txt,1164
2019,2019-11-14,Video,Vice Chair for Supervision Randal K. Quarles,An official website of the United States Government,https://www.federalreserve.gov/newsevents/speech/quarles20191114a.htm,./data/fed_speeches\2019\20191114_Video.txt,1164
2019,2019-11-12,"Monetary Policy, Price Stability, and Equilibrium Bond Yields: Success and Consequences",Vice Chair Richard H. Clarida,An official website of the United States Government,https://www.federalreserve.gov/newsevents/speech/clarida20191112a.htm,./data/fed_speeches\2019\20191112_Monetary_Policy__Price_Stabili.txt,8
2019,2019-11-08,Why Climate Change Matters for Monetary Policy and Financial Stability,Governor Lael Brainard,An official website of the United States Government,https://www.federalreserve.gov/newsevents/speech/brainard20191108a.htm,./data/fed_speeches\2019\20191108_Why_Climate_Change_Matters_for.txt,1782
2019,2019-11-01,Friedrich Hayek and the Price System,Vice Chair for Supervision Randal K. Quarles,An official website of the United States Government,https://www.federalreserve.gov/newsevents/speech/quarles20191101a.htm,./data/fed_speeches\2019\20191101_Friedrich_Hayek_and_the_Price_.txt,2930
2019,2019-11-01,"The United States, Japan, and the Global Economy",Vice Chair Richard H. Clarida,An official website of the United States Government,https://www.federalreserve.gov/newsevents/speech/clarida20191101a.htm,./data/fed_speeches\2019\20191101_The_United_States__Japan__and_.txt,2195
2019,2019-10-21,Closing Remarks,Governor Michelle W. Bowman,An official website of the United States Government,https://www.federalreserve.gov/newsevents/speech/bowman20191021a.htm,./data/fed_speeches\2019\20191021_Closing_Remarks.txt,953
2019,2019-10-21,Video,Governor Michelle W. Bowman,An official website of the United States Government,https://www.federalreserve.gov/newsevents/speech/bowman20191021a.htm,./data/fed_speeches\2019\20191021_Video.txt,953
2019,2019-10-18,U.S. Economic Outlook and Monetary Policy,Vice Chair Richard H. Clarida,An official website of the United States Government,https://www.federalreserve.gov/newsevents/speech/clarida20191018a.htm,./data/fed_speeches\2019\20191018_U_S__Economic_Outlook_and_Mone.txt,1029
2019,2019-10-17,Opening Remarks,Governor Michelle W. Bowman,An official website of the United States Government,https://www.federalreserve.gov/newsevents/speech/bowman20191017a.htm,./data/fed_speeches\2019\20191017_Opening_Remarks.txt,939
2019,2019-10-16,"Digital Currencies, Stablecoins, and the Evolving Payments Landscape",Governor Lael Brainard,An official website of the United States Government,https://www.federalreserve.gov/newsevents/speech/brainard20191016a.htm,./data/fed_speeches\2019\20191016_Digital_Currencies__Stablecoin.txt,3609
2019,2019-10-09,Opening Remarks,Chair Jerome H. Powell,An official website of the United States Government,https://www.federalreserve.gov/newsevents/speech/powell20191009a.htm,./data/fed_speeches\2019\20191009_Opening_Remarks.txt,694
2019,2019-10-08,Data-Dependent Monetary Policy in an Evolving Economy,Chair Jerome H. Powell,An official website of the United States Government,https://www.federalreserve.gov/newsevents/speech/powell20191008a.htm,./data/fed_speeches\2019\20191008_Data-Dependent_Monetary_Policy.txt,3333
2019,2019-10-07,Brief Remarks,Chair Jerome H. Powell,An official website of the United States Government,https://www.federalreserve.gov/newsevents/speech/powell20191007a.htm,./data/fed_speeches\2019\20191007_Brief_Remarks.txt,756
2019,2019-10-04,Opening Remarks,Chair Jerome H. Powell,An official website of the United States Government,https://www.federalreserve.gov/newsevents/speech/powell20191004a.htm,./data/fed_speeches\2019\20191004_Opening_Remarks.txt,7
2019,2019-10-03,The Financial Stability Board at 10 YearsâLooking Back and Looking Ahead,Vice Chair for Supervision and Chair of the Financial Stability Board Randal K. Quarles,An official website of the United States Government,https://www.federalreserve.gov/newsevents/speech/quarles20191003a.htm,./data/fed_speeches\2019\20191003_The_Financial_Stability_Board_.txt,3250
2019,2019-10-01,Advancing Our Understanding of Community Banking,Governor Michelle W. Bowman,An official website of the United States Government,https://www.federalreserve.gov/newsevents/speech/bowman20191001a.htm,./data/fed_speeches\2019\20191001_Advancing_Our_Understanding_of.txt,798
2019,2019-10-01,Introductory Remarks,Vice Chair Richard H. Clarida,An official website of the United States Government,https://www.federalreserve.gov/newsevents/speech/clarida20191001a.htm,./data/fed_speeches\2019\20191001_Introductory_Remarks.txt,534
2019,2019-09-27,Law and Macroeconomics: The Global Evolution of Macroprudential Regulation,Vice Chair for Supervision Randal K. Quarles,An official website of the United States Government,https://www.federalreserve.gov/newsevents/speech/quarles20190927a.htm,./data/fed_speeches\2019\20190927_Law_and_Macroeconomics__The_Gl.txt,3194
2019,2019-09-26,Government of Union: Achieving Certainty in Cross-Border Finance,Vice Chair for Supervision and Chair of the Financial Stability Board Randal K. Quarles,An official website of the United States Government,https://www.federalreserve.gov/newsevents/speech/quarles20190926a.htm,./data/fed_speeches\2019\20190926_Government_of_Union__Achieving.txt,1655
2019,2019-09-26,"The Federal Reserveâs Review of Its Monetary Policy Strategy, Tools, and Communication Practices",Vice Chair Richard H. Clarida,An official website of the United States Government,https://www.federalreserve.gov/newsevents/speech/clarida20190926a.htm,./data/fed_speeches\2019\20190926_The_Federal_Reserveâ__s_Review.txt,2638
2019,2019-09-05,Refining the Stress Capital Buffer,Vice Chair for Supervision Randal K. Quarles,An official website of the United States Government,https://www.federalreserve.gov/newsevents/speech/quarles20190905a.htm,./data/fed_speeches\2019\20190905_Refining_the_Stress_Capital_Bu.txt,3188
2019,2019-09-04,Introductory Remarks,Governor Michelle W. Bowman,An official website of the United States Government,https://www.federalreserve.gov/newsevents/speech/bowman20190904a.htm,./data/fed_speeches\2019\20190904_Introductory_Remarks.txt,893
2019,2019-08-23,Challenges for Monetary Policy,Chair Jerome H. Powell,An official website of the United States Government,https://www.federalreserve.gov/newsevents/speech/powell20190823a.htm,./data/fed_speeches\2019\20190823_Challenges_for_Monetary_Policy.txt,3580
2019,2019-08-20,A Decade of Building Stronger Communities,Vice Chair for Supervision Randal K. Quarles,An official website of the United States Government,https://www.federalreserve.gov/newsevents/speech/quarles20190820a.htm,./data/fed_speeches\2019\20190820_A_Decade_of_Building_Stronger_.txt,1057
2019,2019-08-05,Delivering Fast Payments for All,Governor Lael Brainard,An official website of the United States Government,https://www.federalreserve.gov/newsevents/speech/brainard20190805a.htm,./data/fed_speeches\2019\20190805_Delivering_Fast_Payments_for_A.txt,2503
2019,2019-07-16,Monetary Policy in the Post-Crisis Era,Chair Jerome H. Powell,An official website of the United States Government,https://www.federalreserve.gov/newsevents/speech/powell20190716a.htm,./data/fed_speeches\2019\20190716_Monetary_Policy_in_the_Post-Cr.txt,2226
2019,2019-07-11,Perspectives on the Economy from Scranton,Governor Lael Brainard,An official website of the United States Government,https://www.federalreserve.gov/newsevents/speech/brainard20190711a.htm,./data/fed_speeches\2019\20190711_Perspectives_on_the_Economy_fr.txt,895
2019,2019-07-09,Stress Testing: A Decade of Continuity and Change,Vice Chair for Supervision Randal K. Quarles,An official website of the United States Government,https://www.federalreserve.gov/newsevents/speech/quarles20190709a.htm,./data/fed_speeches\2019\20190709_Stress_Testing__A_Decade_of_Co.txt,1259
2019,2019-07-09,Welcoming Remarks (via prerecorded video),Chair Jerome H. Powell,An official website of the United States Government,https://www.federalreserve.gov/newsevents/speech/powell20190709a.htm,./data/fed_speeches\2019\20190709_Welcoming_Remarks__via_prereco.txt,653
2019,2019-07-09,Video,Chair Jerome H. Powell,An official website of the United States Government,https://www.federalreserve.gov/newsevents/speech/powell20190709a.htm,./data/fed_speeches\2019\20190709_Video.txt,653
2019,2019-07-01,"The Federal Reserve's Review of Its Monetary Policy Strategy, Tools, and Communication Practices",Vice Chair Richard H. Clarida,An official website of the United States Government,https://www.federalreserve.gov/newsevents/speech/clarida20190701a.htm,./data/fed_speeches\2019\20190701_The_Federal_Reserve_s_Review_o.txt,3188
2019,2019-06-25,Economic Outlook and Monetary Policy Review,Chair Jerome H. Powell,An official website of the United States Government,https://www.federalreserve.gov/newsevents/speech/powell20190625a.htm,./data/fed_speeches\2019\20190625_Economic_Outlook_and_Monetary_.txt,1379
2019,2019-06-25,Minority Depository Institutions,Governor Michelle W. Bowman,An official website of the United States Government,https://www.federalreserve.gov/newsevents/speech/bowman20190625a.htm,./data/fed_speeches\2019\20190625_Minority_Depository_Institutio.txt,1094
2019,2019-06-21,Fed Listens in Cincinnati: How Does Monetary Policy Affect Your Community?,Governor Lael Brainard,An official website of the United States Government,https://www.federalreserve.gov/newsevents/speech/brainard20190621a.htm,./data/fed_speeches\2019\20190621_Fed_Listens_in_Cincinnati__How.txt,1615
2019,2019-06-05,"The Federal Reserve's Review of Its Monetary Policy Strategy, Tools, and Communication Practices",Vice Chair Richard H. Clarida,An official website of the United States Government,https://www.federalreserve.gov/newsevents/speech/clarida20190605a.htm,./data/fed_speeches\2019\20190605_The_Federal_Reserve_s_Review_o.txt,914
2019,2019-06-04,Opening Remarks,Chair Jerome H. Powell,An official website of the United States Government,https://www.federalreserve.gov/newsevents/speech/powell20190604a.htm,./data/fed_speeches\2019\20190604_Opening_Remarks.txt,2190
2019,2019-06-03,The Next Stage in the LIBOR Transition (via prerecorded video),Vice Chair for Supervision Randal K. Quarles,An official website of the United States Government,https://www.federalreserve.gov/newsevents/speech/quarles20190603a.htm,./data/fed_speeches\2019\20190603_The_Next_Stage_in_the_LIBOR_Tr.txt,94
2019,2019-05-30,Monetary Policy and Financial Stability,Vice Chair for Supervision Randal K. Quarles,An official website of the United States Government,https://www.federalreserve.gov/newsevents/speech/quarles20190530a.htm,./data/fed_speeches\2019\20190530_Monetary_Policy_and_Financial_.txt,1900
2019,2019-05-30,Sustaining Maximum Employment and Price Stability,Vice Chair Richard H. Clarida,An official website of the United States Government,https://www.federalreserve.gov/newsevents/speech/clarida20190530a.htm,./data/fed_speeches\2019\20190530_Sustaining_Maximum_Employment_.txt,3199
2019,2019-05-20,Business Debt and Our Dynamic Financial System,Chair Jerome H. Powell,An official website of the United States Government,https://www.federalreserve.gov/newsevents/speech/powell20190520a.htm,./data/fed_speeches\2019\20190520_Business_Debt_and_Our_Dynamic_.txt,3047
2019,2019-05-20,"The Federal Reserve's Review of Its Monetary Policy Strategy, Tools, and Communication Practices",Vice Chair Richard H. Clarida,An official website of the United States Government,https://www.federalreserve.gov/newsevents/speech/clarida20190520a.htm,./data/fed_speeches\2019\20190520_The_Federal_Reserve_s_Review_o.txt,1192
2019,2019-05-17,"The Federal Reserveâs Review of Its Monetary Policy Strategy, Tools, and Communication Practices",Vice Chair Richard H. Clarida,An official website of the United States Government,https://www.federalreserve.gov/newsevents/speech/clarida20190517a.htm,./data/fed_speeches\2019\20190517_The_Federal_Reserveâ__s_Review.txt,537
2019,2019-05-16,The Disconnect between Inflation and Employment in the New Normal,Governor Lael Brainard,An official website of the United States Government,https://www.federalreserve.gov/newsevents/speech/brainard20190516a.htm,./data/fed_speeches\2019\20190516_The_Disconnect_between_Inflati.txt,2913
2019,2019-05-13,"The Federal Reserveâs Review of Its Monetary Policy Strategy, Tools, and Communication Practices",Vice Chair Richard H. Clarida,An official website of the United States Government,https://www.federalreserve.gov/newsevents/speech/clarida20190513a.htm,./data/fed_speeches\2019\20190513_The_Federal_Reserveâ__s_Review.txt,1016
2019,2019-05-10,Is the Middle Class within Reach for Middle-Income Families?,Governor Lael Brainard,An official website of the United States Government,https://www.federalreserve.gov/newsevents/speech/brainard20190510a.htm,./data/fed_speeches\2019\20190510_Is_the_Middle_Class_within_Rea.txt,4646
2019,2019-05-09,Welcoming Remarks,Chair Jerome H. Powell,An official website of the United States Government,https://www.federalreserve.gov/newsevents/speech/powell20190509a.htm,./data/fed_speeches\2019\20190509_Welcoming_Remarks.txt,761
2019,2019-05-08,"""Fed Listens"" in Richmond: How Does Monetary Policy Affect Your Community?",Governor Lael Brainard,An official website of the United States Government,https://www.federalreserve.gov/newsevents/speech/brainard20190508a.htm,./data/fed_speeches\2019\20190508__Fed_Listens__in_Richmond__How.txt,1605
2019,2019-05-03,"Models, Markets, and Monetary Policy",Vice Chair Richard H. Clarida,An official website of the United States Government,https://www.federalreserve.gov/newsevents/speech/clarida20190503a.htm,./data/fed_speeches\2019\20190503_Models__Markets__and_Monetary_.txt,3250
2019,2019-04-11,Community Banking in the Age of Innovation,Governor Michelle W. Bowman,An official website of the United States Government,https://www.federalreserve.gov/newsevents/speech/bowman20190411a.htm,./data/fed_speeches\2019\20190411_Community_Banking_in_the_Age_o.txt,2152
2019,2019-04-11,U.S. Economic Outlook and Monetary Policy,Vice Chair Richard H. Clarida,An official website of the United States Government,https://www.federalreserve.gov/newsevents/speech/clarida20190411a.htm,./data/fed_speeches\2019\20190411_U_S__Economic_Outlook_and_Mone.txt,819
2019,2019-04-10,Progress on the Transition to Risk-Free Rates,Vice Chair for Supervision and Chair of the Financial Stability Board Randal K. Quarles,An official website of the United States Government,https://www.federalreserve.gov/newsevents/speech/quarles20190410a.htm,./data/fed_speeches\2019\20190410_Progress_on_the_Transition_to_.txt,111
2019,2019-04-09,"The Federal Reserve's Review of Its Monetary Policy Strategy, Tools, and Communication Practices",Vice Chair Richard H. Clarida,An official website of the United States Government,https://www.federalreserve.gov/newsevents/speech/clarida20190409a.htm,./data/fed_speeches\2019\20190409_The_Federal_Reserve_s_Review_o.txt,2888
2019,2019-04-02,Fostering Closer Supervisory Communication,Governor Michelle W. Bowman,An official website of the United States Government,https://www.federalreserve.gov/newsevents/speech/bowman20190402a.htm,./data/fed_speeches\2019\20190402_Fostering_Closer_Supervisory_C.txt,2287
2019,2019-04-02,The Financial Stability Board: Beyond the Fog of Battle,Vice Chair for Supervision and Chair of the Financial Stability Board Randal K. Quarles,An official website of the United States Government,https://www.federalreserve.gov/newsevents/speech/quarles20190402a.htm,./data/fed_speeches\2019\20190402_The_Financial_Stability_Board_.txt,1940
2019,2019-03-29,Frameworks for the Countercyclical Capital Buffer,Vice Chair for Supervision Randal K. Quarles,An official website of the United States Government,https://www.federalreserve.gov/newsevents/speech/quarles20190329a.htm,./data/fed_speeches\2019\20190329_Frameworks_for_the_Countercycl.txt,3463
2019,2019-03-28,Agriculture and Community Banking,Governor Michelle W. Bowman,An official website of the United States Government,https://www.federalreserve.gov/newsevents/speech/bowman20190328a.htm,./data/fed_speeches\2019\20190328_Agriculture_and_Community_Bank.txt,2370
2019,2019-03-28,Global Shocks and the U.S. Economy,Vice Chair Richard H. Clarida,An official website of the United States Government,https://www.federalreserve.gov/newsevents/speech/clarida20190328a.htm,./data/fed_speeches\2019\20190328_Global_Shocks_and_the_U_S__Eco.txt,1262
2019,2019-03-28,The Financial Stability Board in 2019,Vice Chair for Supervision and Chair of the Financial Stability Board Randal K. Quarles,An official website of the United States Government,https://www.federalreserve.gov/newsevents/speech/quarles20190328a.htm,./data/fed_speeches\2019\20190328_The_Financial_Stability_Board_.txt,3624
2019,2019-03-25,Welcoming Remarks,Governor Michelle W. Bowman,An official website of the United States Government,https://www.federalreserve.gov/newsevents/speech/bowman20190325a.htm,./data/fed_speeches\2019\20190325_Welcoming_Remarks.txt,15
2019,2019-03-12,The Community Reinvestment Act: How Can We Preserve What Works and Make it Better?,Governor Lael Brainard,An official website of the United States Government,https://www.federalreserve.gov/newsevents/speech/brainard20190312a.htm,./data/fed_speeches\2019\20190312_The_Community_Reinvestment_Act.txt,3665
2019,2019-03-11,Brief Remarks,Chair Jerome H. Powell,An official website of the United States Government,https://www.federalreserve.gov/newsevents/speech/powell20190311a.htm,./data/fed_speeches\2019\20190311_Brief_Remarks.txt,639
2019,2019-03-08,Monetary Policy: Normalization and the Road Ahead,Chair Jerome H. Powell,An official website of the United States Government,https://www.federalreserve.gov/newsevents/speech/powell20190308a.htm,./data/fed_speeches\2019\20190308_Monetary_Policy__Normalization.txt,2547
2019,2019-03-07,Navigating Cautiously,Governor Lael Brainard,An official website of the United States Government,https://www.federalreserve.gov/newsevents/speech/brainard20190307a.htm,./data/fed_speeches\2019\20190307_Navigating_Cautiously.txt,3554
2019,2019-02-28,Recent Economic Developments and Longer-Term Challenges,Chair Jerome H. Powell,An official website of the United States Government,https://www.federalreserve.gov/newsevents/speech/powell20190228b.htm,./data/fed_speeches\2019\20190228_Recent_Economic_Developments_a.txt,2392
2019,2019-02-28,U.S. Economic Outlook and Monetary Policy,Vice Chair Richard H. Clarida,An official website of the United States Government,https://www.federalreserve.gov/newsevents/speech/clarida20190228a.htm,./data/fed_speeches\2019\20190228_U_S__Economic_Outlook_and_Mone.txt,949
2019,2019-02-23,Is Economics for Me? Increasing the Participation of Black Women in Economics,Governor Lael Brainard,An official website of the United States Government,https://www.federalreserve.gov/newsevents/speech/brainard20190223a.htm,./data/fed_speeches\2019\20190223_Is_Economics_for_Me__Increasin.txt,1215
2019,2019-02-22,The Future of the Federal Reserve's Balance Sheet,Vice Chairman for Supervision Randal K. Quarles,An official website of the United States Government,https://www.federalreserve.gov/newsevents/speech/quarles20190222a.htm,./data/fed_speeches\2019\20190222_The_Future_of_the_Federal_Rese.txt,1511
2019,2019-02-22,"The Federal Reserve's Review of Its Monetary Policy Strategy, Tools, and Communication Practices",Vice Chair Richard H. Clarida,An official website of the United States Government,https://www.federalreserve.gov/newsevents/speech/clarida20190222a.htm,./data/fed_speeches\2019\20190222_The_Federal_Reserve_s_Review_o.txt,2638
2019,2019-02-12,Encouraging Economic Development in High-Poverty Rural Communities,Chairman Jerome H. Powell,An official website of the United States Government,https://www.federalreserve.gov/newsevents/speech/powell20190212a.htm,./data/fed_speeches\2019\20190212_Encouraging_Economic_Developme.txt,2126
2019,2019-02-11,A Conversation on Community Banking,Governor Michelle W. Bowman,An official website of the United States Government,https://www.federalreserve.gov/newsevents/speech/bowman20190211a.htm,./data/fed_speeches\2019\20190211_A_Conversation_on_Community_Ba.txt,1855
2019,2019-02-10,Ideas of Order: Charting a Course for the Financial Stability Board,Vice Chairman for Supervision and Chair of the Financial Stability Board Randal K. Quarles,An official website of the United States Government,https://www.federalreserve.gov/newsevents/speech/quarles20190210a.htm,./data/fed_speeches\2019\20190210_Ideas_of_Order__Charting_a_Cou.txt,2564
2019,2019-02-06,Welcoming Remarks,Chairman Jerome H. Powell,An official website of the United States Government,https://www.federalreserve.gov/newsevents/speech/powell20190206a.htm,./data/fed_speeches\2019\20190206_Welcoming_Remarks.txt,930
2019,2019-02-06,Inviting Participation: The Public's Role in Stress Testing's Next Chapter,Vice Chairman for Supervision Randal K. Quarles,An official website of the United States Government,https://www.federalreserve.gov/newsevents/speech/quarles20190206a.htm,./data/fed_speeches\2019\20190206_Inviting_Participation__The_Pu.txt,1313
2019,2019-02-01,Strengthening the Community Reinvestment Act: What Are We Learning?,Governor Lael Brainard,An official website of the United States Government,https://www.federalreserve.gov/newsevents/speech/brainard20190201a.htm,./data/fed_speeches\2019\20190201_Strengthening_the_Community_Re.txt,1362
2019,2019-01-10,Monetary Policy Outlook for 2019,Vice Chairman Richard H. Clarida,An official website of the United States Government,https://www.federalreserve.gov/newsevents/speech/clarida20190110a.htm,./data/fed_speeches\2019\20190110_Monetary_Policy_Outlook_for_20.txt,2511
2019,2019-01-09,Insurance Supervision and International Engagement,Vice Chairman for Supervision Randal K. Quarles,An official website of the United States Government,https://www.federalreserve.gov/newsevents/speech/quarles20190109a.htm,./data/fed_speeches\2019\20190109_Insurance_Supervision_and_Inte.txt,2734
2024,2024-12-03,A Year in Review: A Tale of Two Supply Shocks,Governor Adriana D. Kugler,An official website of the United States Government,https://www.federalreserve.gov/newsevents/speech/kugler20241203a.htm,./data/fed_speeches\2024\20241203_A_Year_in_Review__A_Tale_of_Tw.txt,2663
2024,2024-12-02,Cut or Skip?,Governor Christopher J. Waller,An official website of the United States Government,https://www.federalreserve.gov/newsevents/speech/waller20241202a.htm,./data/fed_speeches\2024\20241202_Cut_or_Skip_.txt,2211
2024,2024-11-22,Artificial Intelligence in the Financial System,Governor Michelle W. Bowman,An official website of the United States Government,https://www.federalreserve.gov/newsevents/speech/bowman20241122a.htm,./data/fed_speeches\2024\20241122_Artificial_Intelligence_in_the.txt,3082
2024,2024-11-20,Approaching Policymaking Pragmatically,Governor Michelle W. Bowman,An official website of the United States Government,https://www.federalreserve.gov/newsevents/speech/bowman20241120a.htm,./data/fed_speeches\2024\20241120_Approaching_Policymaking_Pragm.txt,76
2024,2024-11-20,Economic Outlook,Governor Lisa D. Cook,An official website of the United States Government,https://www.federalreserve.gov/newsevents/speech/cook20241120a.htm,./data/fed_speeches\2024\20241120_Economic_Outlook.txt,661
2024,2024-11-14,Economic Outlook,Chair Jerome H. Powell,An official website of the United States Government,https://www.federalreserve.gov/newsevents/speech/powell20241114a.htm,./data/fed_speeches\2024\20241114_Economic_Outlook.txt,971
2024,2024-11-14,Central Bank Independence and the Conduct of Monetary Policy,Governor Adriana D. Kugler,An official website of the United States Government,https://www.federalreserve.gov/newsevents/speech/kugler20241114a.htm,./data/fed_speeches\2024\20241114_Central_Bank_Independence_and_.txt,1595
2024,2024-11-12,What Roles Should the Private Sector and the Federal Reserve Play in Payments?,Governor Christopher J. Waller,An official website of the United States Government,https://www.federalreserve.gov/newsevents/speech/waller20241112a.htm,./data/fed_speeches\2024\20241112_What_Roles_Should_the_Private_.txt,2289
2024,2024-10-23,Opening Remarks,Governor Michelle W. Bowman,An official website of the United States Government,https://www.federalreserve.gov/newsevents/speech/bowman20241023a.htm,./data/fed_speeches\2024\20241023_Opening_Remarks.txt,910
2024,2024-10-18,Centralized and Decentralized Finance: Substitutes or Complements?,Governor Christopher J. Waller,An official website of the United States Government,https://www.federalreserve.gov/newsevents/speech/waller20241018a.htm,./data/fed_speeches\2024\20241018_Centralized_and_Decentralized_.txt,2071
2024,2024-10-14,Thoughts on the Economy and Policy Rules at the Federal Open Market Committee,Governor Christopher J. Waller,An official website of the United States Government,https://www.federalreserve.gov/newsevents/speech/waller20241014a.htm,./data/fed_speeches\2024\20241014_Thoughts_on_the_Economy_and_Po.txt,3036
2024,2024-10-11,Challenges to the Community Banking Model,Governor Michelle W. Bowman,An official website of the United States Government,https://www.federalreserve.gov/newsevents/speech/bowman20241011a.htm,./data/fed_speeches\2024\20241011_Challenges_to_the_Community_Ba.txt,2280
2024,2024-10-10,"Entrepreneurs, Innovation, and Participation",Governor Lisa D. Cook,An official website of the United States Government,https://www.federalreserve.gov/newsevents/speech/cook20241010a.htm,./data/fed_speeches\2024\20241010_Entrepreneurs__Innovation__and.txt,922
2024,2024-10-09,The Fed's Discount Window: 1990 to the Present,Vice Chair Philip N. Jefferson,An official website of the United States Government,https://www.federalreserve.gov/newsevents/speech/jefferson20241009a.htm,./data/fed_speeches\2024\20241009_The_Fed_s_Discount_Window__199.txt,3006
2024,2024-10-08,A History of the Fed's Discount Window: 1913â2000,Vice Chair Philip N. Jefferson,An official website of the United States Government,https://www.federalreserve.gov/newsevents/speech/jefferson20241008a.htm,./data/fed_speeches\2024\20241008_A_History_of_the_Fed_s_Discoun.txt,3261
2024,2024-10-08,The Global Fight Against Inflation,Governor Adriana D. Kugler,An official website of the United States Government,https://www.federalreserve.gov/newsevents/speech/kugler20241008a.htm,./data/fed_speeches\2024\20241008_The_Global_Fight_Against_Infla.txt,550
2024,2024-10-02,Building a Community Banking Framework for the Future,Governor Michelle W. Bowman,An official website of the United States Government,https://www.federalreserve.gov/newsevents/speech/bowman20241002a.htm,./data/fed_speeches\2024\20241002_Building_a_Community_Banking_F.txt,5339
2024,2024-10-01,"Artificial Intelligence, Big Data, and the Path Ahead for Productivity",Governor Lisa D. Cook,An official website of the United States Government,https://www.federalreserve.gov/newsevents/speech/cook20241001a.htm,./data/fed_speeches\2024\20241001_Artificial_Intelligence__Big_D.txt,2217
2024,2024-09-30,Economic Outlook,Chair Jerome H. Powell,An official website of the United States Government,https://www.federalreserve.gov/newsevents/speech/powell20240930a.htm,./data/fed_speeches\2024\20240930_Economic_Outlook.txt,881
2024,2024-09-30,Recent Views on Monetary Policy and the Economic Outlook,Governor Michelle W. Bowman,An official website of the United States Government,https://www.federalreserve.gov/newsevents/speech/bowman20240930a.htm,./data/fed_speeches\2024\20240930_Recent_Views_on_Monetary_Polic.txt,2235
2024,2024-09-26,What Will Artificial Intelligence Mean for Americaâs Workers?,Governor Lisa D. Cook,An official website of the United States Government,https://www.federalreserve.gov/newsevents/speech/cook20240926a.htm,./data/fed_speeches\2024\20240926_What_Will_Artificial_Intellige.txt,3106
2024,2024-09-26,Supporting Market Resilience and Financial Stability,Vice Chair for Supervision Michael S. Barr,An official website of the United States Government,https://www.federalreserve.gov/newsevents/speech/barr20240926a.htm,./data/fed_speeches\2024\20240926_Supporting_Market_Resilience_a.txt,2393
2024,2024-09-26,Opening Remarks,Chair Jerome H. Powell,An official website of the United States Government,https://www.federalreserve.gov/newsevents/speech/powell20240926a.htm,./data/fed_speeches\2024\20240926_Opening_Remarks.txt,485
2024,2024-09-26,Video,Chair Jerome H. Powell,An official website of the United States Government,https://www.federalreserve.gov/newsevents/speech/powell20240926a.htm,./data/fed_speeches\2024\20240926_Video.txt,485
2024,2024-09-26,Recent Views on Monetary Policy and the Economic Outlook,Governor Michelle W. Bowman,An official website of the United States Government,https://www.federalreserve.gov/newsevents/speech/bowman20240926a.htm,./data/fed_speeches\2024\20240926_Recent_Views_on_Monetary_Polic.txt,2269
2024,2024-09-25,How We Got Here:  A Perspective on Inflation and the Labor Market,Governor Adriana D. Kugler,An official website of the United States Government,https://www.federalreserve.gov/newsevents/speech/kugler20240925a.htm,./data/fed_speeches\2024\20240925_How_We_Got_Here___A_Perspectiv.txt,2961
2024,2024-09-24,Recent Views on Monetary Policy and the Economic Outlook,Governor Michelle W. Bowman,An official website of the United States Government,https://www.federalreserve.gov/newsevents/speech/bowman20240924a.htm,./data/fed_speeches\2024\20240924_Recent_Views_on_Monetary_Polic.txt,2261
2024,2024-09-20,Statement by Governor Michelle W. Bowman,Governor Michelle W. Bowman,An official website of the United States Government,https://www.federalreserve.gov/newsevents/speech/bowman20240920a.htm,./data/fed_speeches\2024\20240920_Statement_by_Governor_Michelle.txt,484
2024,2024-09-10,The Future of Stress Testing and the Stress Capital Buffer Framework,Governor Michelle W. Bowman,An official website of the United States Government,https://www.federalreserve.gov/newsevents/speech/bowman20240910a.htm,./data/fed_speeches\2024\20240910_The_Future_of_Stress_Testing_a.txt,3919
2024,2024-09-10,The Next Steps on Capital,Vice Chair for Supervision Michael S. Barr,An official website of the United States Government,https://www.federalreserve.gov/newsevents/speech/barr20240910a.htm,./data/fed_speeches\2024\20240910_The_Next_Steps_on_Capital.txt,3093
2024,2024-09-06,The Time Has Come,Governor Christopher J. Waller,An official website of the United States Government,https://www.federalreserve.gov/newsevents/speech/waller20240906a.htm,./data/fed_speeches\2024\20240906_The_Time_Has_Come.txt,267
2024,2024-08-28,Interlinking Fast Payment Systems,Governor Christopher J. Waller,An official website of the United States Government,https://www.federalreserve.gov/newsevents/speech/waller20240828a.htm,./data/fed_speeches\2024\20240828_Interlinking_Fast_Payment_Syst.txt,1854
2024,2024-08-23,Review and Outlook,Chair Jerome H. Powell,An official website of the United States Government,https://www.federalreserve.gov/newsevents/speech/powell20240823a.htm,./data/fed_speeches\2024\20240823_Review_and_Outlook.txt,1012
2024,2024-08-20,Remarks on the Economic Outlook and Financial Inclusion,Governor Michelle W. Bowman,An official website of the United States Government,https://www.federalreserve.gov/newsevents/speech/bowman20240820a.htm,./data/fed_speeches\2024\20240820_Remarks_on_the_Economic_Outloo.txt,2956
2024,2024-08-19,Opening Remarks,Governor Christopher J. Waller,An official website of the United States Government,https://www.federalreserve.gov/newsevents/speech/waller20240819a.htm,./data/fed_speeches\2024\20240819_Opening_Remarks.txt,1023
2024,2024-08-10,"Update on the Economic Outlook, and Perspective on Bank Culture, M&A, and Liquidity",Governor Michelle W. Bowman,An official website of the United States Government,https://www.federalreserve.gov/newsevents/speech/bowman20240810a.htm,./data/fed_speeches\2024\20240810_Update_on_the_Economic_Outlook.txt,4663
2024,2024-07-24,Opening Remarks,Governor Michelle W. Bowman,An official website of the United States Government,https://www.federalreserve.gov/newsevents/speech/bowman20240724a.htm,./data/fed_speeches\2024\20240724_Opening_Remarks.txt,708
2024,2024-07-24,Video,Governor Michelle W. Bowman,An official website of the United States Government,https://www.federalreserve.gov/newsevents/speech/bowman20240724a.htm,./data/fed_speeches\2024\20240724_Video.txt,708
2024,2024-07-18,"Liquidity, Supervision, and Regulatory Reform",Governor Michelle W. Bowman,An official website of the United States Government,https://www.federalreserve.gov/newsevents/speech/bowman20240718a.htm,./data/fed_speeches\2024\20240718_Liquidity__Supervision__and_Re.txt,3874
2024,2024-07-17,Getting Closer,Governor Christopher J. Waller,An official website of the United States Government,https://www.federalreserve.gov/newsevents/speech/waller20240717a.htm,./data/fed_speeches\2024\20240717_Getting_Closer.txt,1153
2024,2024-07-16,The Challenges Facing Economic Measurement and Creative Solutions,Governor Adriana D. Kugler,An official website of the United States Government,https://www.federalreserve.gov/newsevents/speech/kugler20240716a.htm,./data/fed_speeches\2024\20240716_The_Challenges_Facing_Economic.txt,3801
2024,2024-07-10,Common Inflation and Monetary Policy Challenges across Countries,Governor Lisa D. Cook,An official website of the United States Government,https://www.federalreserve.gov/newsevents/speech/cook20240710a.htm,./data/fed_speeches\2024\20240710_Common_Inflation_and_Monetary_.txt,293
2024,2024-07-10,Opening Remarks,Governor Michelle W. Bowman,An official website of the United States Government,https://www.federalreserve.gov/newsevents/speech/bowman20240710a.htm,./data/fed_speeches\2024\20240710_Opening_Remarks.txt,675
2024,2024-07-09,Promoting an Inclusive Financial System,Governor Michelle W. Bowman,An official website of the United States Government,https://www.federalreserve.gov/newsevents/speech/bowman20240709a.htm,./data/fed_speeches\2024\20240709_Promoting_an_Inclusive_Financi.txt,1393
2024,2024-07-09,"Financial Inclusion: Past, Present, and Hopes for the Future",Vice Chair for Supervision Michael S. Barr,An official website of the United States Government,https://www.federalreserve.gov/newsevents/speech/barr20240709a.htm,./data/fed_speeches\2024\20240709_Financial_Inclusion__Past__Pre.txt,10
2024,2024-06-27,"Brief Remarks on the Economy, Monetary Policy, and Bank Regulation",Governor Michelle W. Bowman,An official website of the United States Government,https://www.federalreserve.gov/newsevents/speech/bowman20240627a.htm,./data/fed_speeches\2024\20240627_Brief_Remarks_on_the_Economy__.txt,2849
2024,2024-06-26,The Consequences of Bank Capital Reform,Governor Michelle W. Bowman,An official website of the United States Government,https://www.federalreserve.gov/newsevents/speech/bowman20240626a.htm,./data/fed_speeches\2024\20240626_The_Consequences_of_Bank_Capit.txt,2466
2024,2024-06-25,Opening Remarks,Governor Michelle W. Bowman,An official website of the United States Government,https://www.federalreserve.gov/newsevents/speech/bowman20240625b.htm,./data/fed_speeches\2024\20240625_Opening_Remarks.txt,766
2024,2024-06-25,Video,Governor Michelle W. Bowman,An official website of the United States Government,https://www.federalreserve.gov/newsevents/speech/bowman20240625b.htm,./data/fed_speeches\2024\20240625_Video.txt,766
2024,2024-06-25,Moving Toward Better Balance and Implications for Monetary Policy,Governor Lisa D. Cook,An official website of the United States Government,https://www.federalreserve.gov/newsevents/speech/cook20240625a.htm,./data/fed_speeches\2024\20240625_Moving_Toward_Better_Balance_a.txt,1349
2024,2024-06-25,Perspectives on U.S. Monetary Policy and Bank Capital Reform,Governor Michelle W. Bowman,An official website of the United States Government,https://www.federalreserve.gov/newsevents/speech/bowman20240625a.htm,./data/fed_speeches\2024\20240625_Perspectives_on_U_S__Monetary_.txt,12
2024,2024-06-24,Welcoming Remarks,Governor Christopher J. Waller,An official website of the United States Government,https://www.federalreserve.gov/newsevents/speech/waller20240624a.htm,./data/fed_speeches\2024\20240624_Welcoming_Remarks.txt,767
2024,2024-06-18,Some Reasons for Optimism about Inflation,Governor Adriana D. Kugler,An official website of the United States Government,https://www.federalreserve.gov/newsevents/speech/kugler20240618a.htm,./data/fed_speeches\2024\20240618_Some_Reasons_for_Optimism_abou.txt,1891
2024,2024-06-17,A Transformative Experience,Governor Lisa D. Cook,An official website of the United States Government,https://www.federalreserve.gov/newsevents/speech/cook20240617a.htm,./data/fed_speeches\2024\20240617_A_Transformative_Experience.txt,1591
2024,2024-06-17,Innovation in the Financial System,Governor Michelle W. Bowman,An official website of the United States Government,https://www.federalreserve.gov/newsevents/speech/bowman20240617a.htm,./data/fed_speeches\2024\20240617_Innovation_in_the_Financial_Sy.txt,3763
2024,2024-06-14,Lessons from the American Economic Association Summer Program,Governor Lisa D. Cook,An official website of the United States Government,https://www.federalreserve.gov/newsevents/speech/cook20240614a.htm,./data/fed_speeches\2024\20240614_Lessons_from_the_American_Econ.txt,1274
2024,2024-06-07,A New Class of Trailblazers,Governor Lisa D. Cook,An official website of the United States Government,https://www.federalreserve.gov/newsevents/speech/cook20240607a.htm,./data/fed_speeches\2024\20240607_A_New_Class_of_Trailblazers.txt,1186
2024,2024-05-28,The Federal Reserve's Balance Sheet as a Monetary Policy Tool:  Past Lessons and Future Considerations,Governor Michelle W. Bowman,An official website of the United States Government,https://www.federalreserve.gov/newsevents/speech/bowman20240528a.htm,./data/fed_speeches\2024\20240528_The_Federal_Reserve_s_Balance_.txt,719
2024,2024-05-24,Some Thoughts on r*:  Why Did It Fall and Will It Rise?,Governor Christopher J. Waller,An official website of the United States Government,https://www.federalreserve.gov/newsevents/speech/waller20240524a.htm,./data/fed_speeches\2024\20240524_Some_Thoughts_on_r____Why_Did_.txt,3345
2024,2024-05-21,"Little by Little, Progress Seems to be Resuming.",Governor Christopher J. Waller,An official website of the United States Government,https://www.federalreserve.gov/newsevents/speech/waller20240521a.htm,./data/fed_speeches\2024\20240521_Little_by_Little__Progress_See.txt,2328
2024,2024-05-20,U.S. Economic Outlook and Housing Price Dynamics,Vice Chair Philip N. Jefferson,An official website of the United States Government,https://www.federalreserve.gov/newsevents/speech/jefferson20240520a.htm,./data/fed_speeches\2024\20240520_U_S__Economic_Outlook_and_Hous.txt,951
2024,2024-05-20,Welcoming Remarks on the International Role of the U.S. Dollar,Governor Christopher J. Waller,An official website of the United States Government,https://www.federalreserve.gov/newsevents/speech/waller20240520a.htm,./data/fed_speeches\2024\20240520_Welcoming_Remarks_on_the_Inter.txt,1145
2024,2024-05-20,On Building a Resilient Regulatory Framework,Vice Chair for Supervision Michael S. Barr,An official website of the United States Government,https://www.federalreserve.gov/newsevents/speech/barr20240520a.htm,./data/fed_speeches\2024\20240520_On_Building_a_Resilient_Regula.txt,2784
2024,2024-05-19,Georgetown University Law Center Commencement Address,Chair Jerome H. Powell,An official website of the United States Government,https://www.federalreserve.gov/newsevents/speech/powell20240519a.htm,./data/fed_speeches\2024\20240519_Georgetown_University_Law_Cent.txt,1832
2024,2024-05-18,"On the Road Ahead, Cherish the Detours",Governor Adriana D. Kugler,An official website of the United States Government,https://www.federalreserve.gov/newsevents/speech/kugler20240518a.htm,./data/fed_speeches\2024\20240518_On_the_Road_Ahead__Cherish_the.txt,2180
2024,2024-05-17,"Brief Remarks on the Economy, Monetary Policy, and Bank Regulation",Governor Michelle W. Bowman,An official website of the United States Government,https://www.federalreserve.gov/newsevents/speech/bowman20240517a.htm,./data/fed_speeches\2024\20240517_Brief_Remarks_on_the_Economy__.txt,3730
2024,2024-05-17,"Payments Innovation, Technical Standards, and the Federal Reserve's Roles",Governor Christopher J. Waller,An official website of the United States Government,https://www.federalreserve.gov/newsevents/speech/waller20240517a.htm,./data/fed_speeches\2024\20240517_Payments_Innovation__Technical.txt,1784
2024,2024-05-15,Innovation and the Evolving Financial Landscape,Governor Michelle W. Bowman,An official website of the United States Government,https://www.federalreserve.gov/newsevents/speech/bowman20240515a.htm,./data/fed_speeches\2024\20240515_Innovation_and_the_Evolving_Fi.txt,2301
2024,2024-05-14,Growth and Change at Community Development Financial Institutions,Governor Lisa D. Cook,An official website of the United States Government,https://www.federalreserve.gov/newsevents/speech/cook20240514a.htm,./data/fed_speeches\2024\20240514_Growth_and_Change_at_Community.txt,1647
2024,2024-05-13,Communicating about Monetary Policy,Vice Chair Philip N. Jefferson,An official website of the United States Government,https://www.federalreserve.gov/newsevents/speech/jefferson20240513a.htm,./data/fed_speeches\2024\20240513_Communicating_about_Monetary_P.txt,2311
2024,2024-05-10,Commencement Remarks,Vice Chair for Supervision Michael S. Barr,An official website of the United States Government,https://www.federalreserve.gov/newsevents/speech/barr20240510a.htm,./data/fed_speeches\2024\20240510_Commencement_Remarks.txt,1574
2024,2024-05-10,Financial Stability Risks: Resiliency and the Role of Regulators,Governor Michelle W. Bowman,An official website of the United States Government,https://www.federalreserve.gov/newsevents/speech/bowman20240510a.htm,./data/fed_speeches\2024\20240510_Financial_Stability_Risks__Res.txt,3979
2024,2024-05-08,Current Assessment of Financial Stability,Governor Lisa D. Cook,An official website of the United States Government,https://www.federalreserve.gov/newsevents/speech/cook20240508a.htm,./data/fed_speeches\2024\20240508_Current_Assessment_of_Financia.txt,591
2024,2024-05-04,"""Oh, the Places Youâll Go and the Things Youâll Do""",Governor Lisa D. Cook,An official website of the United States Government,https://www.federalreserve.gov/newsevents/speech/cook20240504a.htm,./data/fed_speeches\2024\20240504__Oh__the_Places_Youâ__ll_Go_an.txt,1852
2024,2024-05-03,Brief Remarks on the Economy and Monetary Policy,Governor Michelle W. Bowman,An official website of the United States Government,https://www.federalreserve.gov/newsevents/speech/bowman20240503a.htm,./data/fed_speeches\2024\20240503_Brief_Remarks_on_the_Economy_a.txt,985
2024,2024-04-18,Opening Remarks,Governor Michelle W. Bowman,An official website of the United States Government,https://www.federalreserve.gov/newsevents/speech/bowman20240418a.htm,./data/fed_speeches\2024\20240418_Opening_Remarks.txt,1123
2024,2024-04-16,Economic Uncertainty and the Evolution of Monetary Policymaking,Vice Chair Philip N. Jefferson,An official website of the United States Government,https://www.federalreserve.gov/newsevents/speech/jefferson20240416a.htm,./data/fed_speeches\2024\20240416_Economic_Uncertainty_and_the_E.txt,3057
2024,2024-04-05,Risks and Uncertainty in Monetary Policy: Current and Past Considerations,Governor Michelle W. Bowman,An official website of the United States Government,https://www.federalreserve.gov/newsevents/speech/bowman20240405a.htm,./data/fed_speeches\2024\20240405_Risks_and_Uncertainty_in_Monet.txt,92
2024,2024-04-04,Enriching Data and Analysis in Economics with Real Life Experiences,Governor Adriana D. Kugler,An official website of the United States Government,https://www.federalreserve.gov/newsevents/speech/kugler20240404a.htm,./data/fed_speeches\2024\20240404_Enriching_Data_and_Analysis_in.txt,2650
2024,2024-04-03,The Outlook for the U.S. Economy and Monetary Policy,Governor Adriana D. Kugler,An official website of the United States Government,https://www.federalreserve.gov/newsevents/speech/kugler20240403a.htm,./data/fed_speeches\2024\20240403_The_Outlook_for_the_U_S__Econo.txt,160
2024,2024-04-03,Opening Remarks,Chair Jerome H. Powell,An official website of the United States Government,https://www.federalreserve.gov/newsevents/speech/powell20240403a.htm,./data/fed_speeches\2024\20240403_Opening_Remarks.txt,1364
2024,2024-04-03,"Bank Liquidity, Regulation, and the Fed's Role as Lender of Last Resort",Governor Michelle W. Bowman,An official website of the United States Government,https://www.federalreserve.gov/newsevents/speech/bowman20240403a.htm,./data/fed_speeches\2024\20240403_Bank_Liquidity__Regulation__an.txt,3877
2024,2024-04-02,"Bank Mergers and Acquisitions, and De Novo Bank Formation: Implications for the Future of the Banking System",Governor Michelle W. Bowman,An official website of the United States Government,https://www.federalreserve.gov/newsevents/speech/bowman20240402a.htm,./data/fed_speeches\2024\20240402_Bank_Mergers_and_Acquisitions_.txt,3040
2024,2024-04-01,"Hope, Promise, and Mentors",Governor Lisa D. Cook,An official website of the United States Government,https://www.federalreserve.gov/newsevents/speech/cook20240401a.htm,./data/fed_speeches\2024\20240401_Hope__Promise__and_Mentors.txt,850
2024,2024-03-27,Thereâs Still No Rush,Governor Christopher J. Waller,An official website of the United States Government,https://www.federalreserve.gov/newsevents/speech/waller20240327a.htm,./data/fed_speeches\2024\20240327_Thereâ__s_Still_No_Rush.txt,2802
2024,2024-03-25,The Dual Mandate and the Balance of Risks,Governor Lisa D. Cook,An official website of the United States Government,https://www.federalreserve.gov/newsevents/speech/cook20240325a.htm,./data/fed_speeches\2024\20240325_The_Dual_Mandate_and_the_Balan.txt,3396
2024,2024-03-07,Reflections on the Economy and Bank Regulation,Governor Michelle W. Bowman,An official website of the United States Government,https://www.federalreserve.gov/newsevents/speech/bowman20240307a.htm,./data/fed_speeches\2024\20240307_Reflections_on_the_Economy_and.txt,190
2024,2024-03-05,"Tailoring, Fidelity to the Rule of Law, and Unintended Consequences",Governor Michelle W. Bowman,An official website of the United States Government,https://www.federalreserve.gov/newsevents/speech/bowman20240305a.htm,./data/fed_speeches\2024\20240305_Tailoring__Fidelity_to_the_Rul.txt,2345
2024,2024-03-01,Disinflation without a Rise in Unemployment?  What Is Different This Time Around,Governor Adriana D. Kugler,An official website of the United States Government,https://www.federalreserve.gov/newsevents/speech/kugler20240301a.htm,./data/fed_speeches\2024\20240301_Disinflation_without_a_Rise_in.txt,3301
2024,2024-03-01,"Thoughts on Quantitative Tightening, Including Remarks on the Paper ""Quantitative Tightening around the Globe:  What Have We Learned?""",Governor Christopher J. Waller,An official website of the United States Government,https://www.federalreserve.gov/newsevents/speech/waller20240301a.htm,./data/fed_speeches\2024\20240301_Thoughts_on_Quantitative_Tight.txt,3358
2024,2024-02-27,Reflections on the Economy and Bank Regulation,Governor Michelle W. Bowman,An official website of the United States Government,https://www.federalreserve.gov/newsevents/speech/bowman20240227a.htm,./data/fed_speeches\2024\20240227_Reflections_on_the_Economy_and.txt,219
2024,2024-02-27,The Importance of Counterparty Credit Risk Management,Vice Chair for Supervision Michael S. Barr,An official website of the United States Government,https://www.federalreserve.gov/newsevents/speech/barr20240227a.htm,./data/fed_speeches\2024\20240227_The_Importance_of_Counterparty.txt,2017
2024,2024-02-22,Whatâs the Rush?,Governor Christopher J. Waller,An official website of the United States Government,https://www.federalreserve.gov/newsevents/speech/waller20240222a.htm,./data/fed_speeches\2024\20240222_Whatâ__s_the_Rush_.txt,2737
2024,2024-02-22,Sources of Uncertainty in the Short Run and the Long Run,Governor Lisa D. Cook,An official website of the United States Government,https://www.federalreserve.gov/newsevents/speech/cook20240222a.htm,./data/fed_speeches\2024\20240222_Sources_of_Uncertainty_in_the_.txt,531
2024,2024-02-22,Is This Time Different? Recent Monetary Policy Cycles in Retrospect,Vice Chair Philip N. Jefferson,An official website of the United States Government,https://www.federalreserve.gov/newsevents/speech/jefferson20240222a.htm,./data/fed_speeches\2024\20240222_Is_This_Time_Different__Recent.txt,2490
2024,2024-02-16,"Supervision with Speed, Force, and Agility",Vice Chair for Supervision Michael S. Barr,An official website of the United States Government,https://www.federalreserve.gov/newsevents/speech/barr20240216a.htm,./data/fed_speeches\2024\20240216_Supervision_with_Speed__Force_.txt,2943
2024,2024-02-15,The Dollar's International Role,Governor Christopher J. Waller,An official website of the United States Government,https://www.federalreserve.gov/newsevents/speech/waller20240215a.htm,./data/fed_speeches\2024\20240215_The_Dollar_s_International_Rol.txt,29
2024,2024-02-15,Advancing Cross-Border Payments and Financial Inclusion,Governor Michelle W. Bowman,An official website of the United States Government,https://www.federalreserve.gov/newsevents/speech/bowman20240215a.htm,./data/fed_speeches\2024\20240215_Advancing_Cross-Border_Payment.txt,2481
2024,2024-02-14,"The Intersection of Monetary Policy, Market Functioning, and Liquidity Risk Management",Vice Chair for Supervision Michael S. Barr,An official website of the United States Government,https://www.federalreserve.gov/newsevents/speech/barr20240214a.htm,./data/fed_speeches\2024\20240214_The_Intersection_of_Monetary_P.txt,2337
2024,2024-02-12,Defining a Bank,Governor Michelle W. Bowman,An official website of the United States Government,https://www.federalreserve.gov/newsevents/speech/bowman20240212a.htm,./data/fed_speeches\2024\20240212_Defining_a_Bank.txt,3065
2024,2024-02-07,Supporting Entrepreneurship & Small Businesses,Governor Michelle W. Bowman,An official website of the United States Government,https://www.federalreserve.gov/newsevents/speech/bowman20240207a.htm,./data/fed_speeches\2024\20240207_Supporting_Entrepreneurship___.txt,1544
2024,2024-02-07,The Outlook for the Economy and Monetary Policy,Governor Adriana D. Kugler,An official website of the United States Government,https://www.federalreserve.gov/newsevents/speech/kugler20240207a.htm,./data/fed_speeches\2024\20240207_The_Outlook_for_the_Economy_an.txt,549
2024,2024-02-02,The Future of Banking,Governor Michelle W. Bowman,An official website of the United States Government,https://www.federalreserve.gov/newsevents/speech/bowman20240202a.htm,./data/fed_speeches\2024\20240202_The_Future_of_Banking.txt,219
2024,2024-01-17,Opening Remarks,Vice Chair for Supervision Michael S. Barr,An official website of the United States Government,https://www.federalreserve.gov/newsevents/speech/barr20240117a.htm,./data/fed_speeches\2024\20240117_Opening_Remarks.txt,835
2024,2024-01-17,The Path Forward for Bank Capital Reform,Governor Michelle W. Bowman,An official website of the United States Government,https://www.federalreserve.gov/newsevents/speech/bowman20240117a.htm,./data/fed_speeches\2024\20240117_The_Path_Forward_for_Bank_Capi.txt,2835
2024,2024-01-16,Almost as Good as It Getsâ¦But Will It Last?,Governor Christopher J. Waller,An official website of the United States Government,https://www.federalreserve.gov/newsevents/speech/waller20240116a.htm,./data/fed_speeches\2024\20240116_Almost_as_Good_as_It_Getsâ__Bu.txt,2671
2024,2024-01-08,New Yearâs Resolutions for Bank Regulatory Policymakers,Governor Michelle W. Bowman,An official website of the United States Government,https://www.federalreserve.gov/newsevents/speech/bowman20240108a.htm,./data/fed_speeches\2024\20240108_New_Yearâ__s_Resolutions_for_B.txt,3719
2025,2025-05-03,Four Guides for the Journey Ahead,Governor Lisa D. Cook,An official website of the United States Government,https://www.federalreserve.gov/newsevents/speech/cook20250503a.htm,./data/fed_speeches\2025\20250503_Four_Guides_for_the_Journey_Ah.txt,1499
2025,2025-04-23,Welcoming Remarks,Governor Christopher J. Waller,An official website of the United States Government,https://www.federalreserve.gov/newsevents/speech/waller20250423a.htm,./data/fed_speeches\2025\20250423_Welcoming_Remarks.txt,561
2025,2025-04-22,Transmission of Monetary Policy,Governor Adriana D. Kugler,An official website of the United States Government,https://www.federalreserve.gov/newsevents/speech/kugler20250422a.htm,./data/fed_speeches\2025\20250422_Transmission_of_Monetary_Polic.txt,2828
2025,2025-04-22,Economic Mobility and the Dual Mandate,Vice Chair Philip N. Jefferson,An official website of the United States Government,https://www.federalreserve.gov/newsevents/speech/jefferson20250422a.htm,./data/fed_speeches\2025\20250422_Economic_Mobility_and_the_Dual.txt,2444
2025,2025-04-17,Deepfakes and the AI Arms Race in Bank Cybersecurity,Governor Michael S. Barr,An official website of the United States Government,https://www.federalreserve.gov/newsevents/speech/barr20250417a.htm,./data/fed_speeches\2025\20250417_Deepfakes_and_the_AI_Arms_Race.txt,1695
2025,2025-04-16,Economic Outlook,Chair Jerome H. Powell,An official website of the United States Government,https://www.federalreserve.gov/newsevents/speech/powell20250416a.htm,./data/fed_speeches\2025\20250416_Economic_Outlook.txt,849
2025,2025-04-15,2025 Distinguished Alumna Award Acceptance Remarks,Governor Lisa D. Cook,An official website of the United States Government,https://www.federalreserve.gov/newsevents/speech/cook20250415a.htm,./data/fed_speeches\2025\20250415_2025_Distinguished_Alumna_Awar.txt,1406
2025,2025-04-14,A Tale of Two Outlooks,Governor Christopher J. Waller,An official website of the United States Government,https://www.federalreserve.gov/newsevents/speech/waller20250414a.htm,./data/fed_speeches\2025\20250414_A_Tale_of_Two_Outlooks.txt,1237
2025,2025-04-07,Inflation Dynamics and the Phillips Curve,Governor Adriana D. Kugler,An official website of the United States Government,https://www.federalreserve.gov/newsevents/speech/kugler20250407a.htm,./data/fed_speeches\2025\20250407_Inflation_Dynamics_and_the_Phi.txt,121
2025,2025-04-04,"AI, Fintechs, and Banks",Governor Michael S. Barr,An official website of the United States Government,https://www.federalreserve.gov/newsevents/speech/barr20250404a.htm,./data/fed_speeches\2025\20250404_AI__Fintechs__and_Banks.txt,2003
2025,2025-04-04,Economic Outlook,Chair Jerome H. Powell,An official website of the United States Government,https://www.federalreserve.gov/newsevents/speech/powell20250404a.htm,./data/fed_speeches\2025\20250404_Economic_Outlook.txt,914
2025,2025-04-03,The Economic Outlook and Path of Policy,Governor Lisa D. Cook,An official website of the United States Government,https://www.federalreserve.gov/newsevents/speech/cook20250403a.htm,./data/fed_speeches\2025\20250403_The_Economic_Outlook_and_Path_.txt,4555
2025,2025-04-03,U.S. Economic Outlook and Central Bank Communications,Vice Chair Philip N. Jefferson,An official website of the United States Government,https://www.federalreserve.gov/newsevents/speech/jefferson20250403a.htm,./data/fed_speeches\2025\20250403_U_S__Economic_Outlook_and_Cent.txt,604
2025,2025-04-02,Inflation Expectations and Monetary Policymaking,Governor Adriana D. Kugler,An official website of the United States Government,https://www.federalreserve.gov/newsevents/speech/kugler20250402a.htm,./data/fed_speeches\2025\20250402_Inflation_Expectations_and_Mon.txt,3521
2025,2025-03-25,"Latinos, Entrepreneurs, and the U.S. Economy",Governor Adriana D. Kugler,An official website of the United States Government,https://www.federalreserve.gov/newsevents/speech/kugler20250325a.htm,./data/fed_speeches\2025\20250325_Latinos__Entrepreneurs__and_th.txt,1817
2025,2025-03-24,Helping Small Businesses Reach Their Potential,Governor Michael S. Barr,An official website of the United States Government,https://www.federalreserve.gov/newsevents/speech/barr20250324a.htm,./data/fed_speeches\2025\20250324_Helping_Small_Businesses_Reach.txt,1574
2025,2025-03-21,Statement by Governor Christopher J. Waller,Governor Christopher J. Waller,An official website of the United States Government,https://www.federalreserve.gov/newsevents/speech/waller20250321a.htm,./data/fed_speeches\2025\20250321_Statement_by_Governor_Christop.txt,307
2025,2025-03-07,Economic Outlook,Chair Jerome H. Powell,An official website of the United States Government,https://www.federalreserve.gov/newsevents/speech/powell20250307a.htm,./data/fed_speeches\2025\20250307_Economic_Outlook.txt,946
2025,2025-03-07,The Rebalancing of Labor Markets across the World,Governor Adriana D. Kugler,An official website of the United States Government,https://www.federalreserve.gov/newsevents/speech/kugler20250307a.htm,./data/fed_speeches\2025\20250307_The_Rebalancing_of_Labor_Marke.txt,3245
2025,2025-03-07,"Remarks on ""Monetary Policy Transmission to Real Activity"" and the Recent Experience",Governor Michelle W. Bowman,An official website of the United States Government,https://www.federalreserve.gov/newsevents/speech/bowman20250307a.htm,./data/fed_speeches\2025\20250307_Remarks_on__Monetary_Policy_Tr.txt,2760
2025,2025-02-27,Community Banking,Governor Michelle W. Bowman,An official website of the United States Government,https://www.federalreserve.gov/newsevents/speech/bowman20250227a.htm,./data/fed_speeches\2025\20250227_Community_Banking.txt,1178
2025,2025-02-27,Promoting Responsible Innovation through the Novel Activities Program,Vice Chair for Supervision Michael S. Barr,An official website of the United States Government,https://www.federalreserve.gov/newsevents/speech/barr20250227a.htm,./data/fed_speeches\2025\20250227_Promoting_Responsible_Innovati.txt,1550
2025,2025-02-25,Managing Financial Crises,Vice Chair for Supervision Michael S. Barr,An official website of the United States Government,https://www.federalreserve.gov/newsevents/speech/barr20250225a.htm,./data/fed_speeches\2025\20250225_Managing_Financial_Crises.txt,3586
2025,2025-02-21,Reading between the Lines? Textual Analysis of Central Bank Communications,Vice Chair Philip N. Jefferson,An official website of the United States Government,https://www.federalreserve.gov/newsevents/speech/jefferson20250221a.htm,./data/fed_speeches\2025\20250221_Reading_between_the_Lines__Tex.txt,2764
2025,2025-02-20,Navigating Inflation Waves: A Phillips Curve Perspective,Governor Adriana D. Kugler,An official website of the United States Government,https://www.federalreserve.gov/newsevents/speech/kugler20250220a.htm,./data/fed_speeches\2025\20250220_Navigating_Inflation_Waves__A_.txt,1259
2025,2025-02-20,Risks and Challenges for Bank Regulation and Supervision,Vice Chair for Supervision Michael S. Barr,An official website of the United States Government,https://www.federalreserve.gov/newsevents/speech/barr20250220a.htm,./data/fed_speeches\2025\20250220_Risks_and_Challenges_for_Bank_.txt,5213
2025,2025-02-19,How Healthy are U.S. Householdsâ Balance Sheets?,Vice Chair Philip N. Jefferson,An official website of the United States Government,https://www.federalreserve.gov/newsevents/speech/jefferson20250219a.htm,./data/fed_speeches\2025\20250219_How_Healthy_are_U_S__Household.txt,1060
2025,2025-02-18,Artificial Intelligence:  Hypothetical Scenarios for the Future,Vice Chair for Supervision Michael S. Barr,An official website of the United States Government,https://www.federalreserve.gov/newsevents/speech/barr20250218a.htm,./data/fed_speeches\2025\20250218_Artificial_Intelligence___Hypo.txt,2538
2025,2025-02-17,Disinflation Progress Uneven but Still on Track Rates Cuts on Track as Well,Governor Christopher J. Waller,An official website of the United States Government,https://www.federalreserve.gov/newsevents/speech/waller20250217a.htm,./data/fed_speeches\2025\20250217_Disinflation_Progress_Uneven_b.txt,2581
2025,2025-02-17,"Brief Remarks on the Economy and Accountability in Supervision, Applications, and Regulation",Governor Michelle W. Bowman,An official website of the United States Government,https://www.federalreserve.gov/newsevents/speech/bowman20250217a.htm,./data/fed_speeches\2025\20250217_Brief_Remarks_on_the_Economy_a.txt,5949
2025,2025-02-12,Reflections on a Maturing Stablecoin Market,Governor Christopher J. Waller,An official website of the United States Government,https://www.federalreserve.gov/newsevents/speech/waller20250212a.htm,./data/fed_speeches\2025\20250212_Reflections_on_a_Maturing_Stab.txt,2612
2025,2025-02-05,Bank Regulation in 2025 and Beyond,Governor Michelle W. Bowman,An official website of the United States Government,https://www.federalreserve.gov/newsevents/speech/bowman20250205a.htm,./data/fed_speeches\2025\20250205_Bank_Regulation_in_2025_and_Be.txt,3317
2025,2025-02-07,Entrepreneurship and Aggregate Productivity,Governor Adriana D. Kugler,An official website of the United States Government,https://www.federalreserve.gov/newsevents/speech/kugler20250207a.htm,./data/fed_speeches\2025\20250207_Entrepreneurship_and_Aggregate.txt,2290
2025,2025-02-05,Bank Regulation in 2025 and Beyond,Governor Michelle W. Bowman,An official website of the United States Government,https://www.federalreserve.gov/newsevents/speech/bowman20250205a.htm,./data/fed_speeches\2025\20250205_Bank_Regulation_in_2025_and_Be.txt,3317
2025,2025-02-05,Do Non-inflationary Economic Expansions Promote Shared Prosperity? Evidence from the U.S. Labor Market,Vice Chair Philip N. Jefferson,An official website of the United States Government,https://www.federalreserve.gov/newsevents/speech/jefferson20250205a.htm,./data/fed_speeches\2025\20250205_Do_Non-inflationary_Economic_E.txt,3015
2025,2025-02-05,Bank Regulation in 2025 and Beyond,Governor Michelle W. Bowman,An official website of the United States Government,https://www.federalreserve.gov/newsevents/speech/bowman20250205a.htm,./data/fed_speeches\2025\20250205_Bank_Regulation_in_2025_and_Be.txt,3317
2025,2025-02-04,U.S. Economic Outlook and Monetary Policy,Vice Chair Philip N. Jefferson,An official website of the United States Government,https://www.federalreserve.gov/newsevents/speech/jefferson20250204a.htm,./data/fed_speeches\2025\20250204_U_S__Economic_Outlook_and_Mone.txt,2298
2025,2025-01-31,"Brief Remarks on the Economy, and Perspective on Mutual and Community Banks",Governor Michelle W. Bowman,An official website of the United States Government,https://www.federalreserve.gov/newsevents/speech/bowman20250131a.htm,./data/fed_speeches\2025\20250131_Brief_Remarks_on_the_Economy__.txt,5286
2025,2025-01-09,"Reflections on 2024: Monetary Policy, Economic Performance, and Lessons for Banking Regulation",Governor Michelle W. Bowman,An official website of the United States Government,https://www.federalreserve.gov/newsevents/speech/bowman20250109a.htm,./data/fed_speeches\2025\20250109_Reflections_on_2024__Monetary_.txt,3968
2025,2025-01-08,Challenges Facing Central Bankers,Governor Christopher J. Waller,An official website of the United States Government,https://www.federalreserve.gov/newsevents/speech/waller20250108a.htm,./data/fed_speeches\2025\20250108_Challenges_Facing_Central_Bank.txt,2936
2025,2025-01-06,An Assessment of the Economy and Financial Stability,Governor Lisa D. Cook,An official website of the United States Government,https://www.federalreserve.gov/newsevents/speech/cook20250106a.htm,./data/fed_speeches\2025\20250106_An_Assessment_of_the_Economy_a.txt,3558
